<?xml version="1.0" encoding="UTF-8"?>
<products>
<product id="85414412"><title><![CDATA[5 HTP – Papildas Nuotaikai Ir Miegui 100 tabs. 200 mg.]]></title><item_price><![CDATA[16.95]]></item_price><manufacturer><![CDATA[Mindnutrition]]></manufacturer><image_url><![CDATA[https://i0.wp.com/www.noopapildai.lt/wp-content/uploads/2018/03/5-htp-maisto-papildas-kaina-pirkti-raw-powders-lietuvoje-papildai.png?fit=420%2C420&ssl=1]]></image_url><product_url><![CDATA[https://www.noopapildai.lt/produktas/5-htp/]]></product_url><categories><category><![CDATA[Miego Kokybei]]></category></categories><description><![CDATA[Griffonia sėklų ekstraktas arba 5-HTP yra pilkšvai balti kristaliniai milteliai, kurie yra ekstrahuojami iš Griffonia simplicifolia augalų sėklų, išaugintų ankštiniuose augaluose Afrikoje. Jame yra daugybė paskirčių, įskaitant:5-HTP arba 5 hidroksitriptofanas, taip pat žinomas kaip oksitriptanas, yra natūraliai pasitaikanti amino rūgštis ir metabolinis tarpinis junginys neurotransmiterių serotonino ir melatonino biosintezėje. Tai tiesioginis grifonijos sėklų ekstraktas. Kai kurie tyrimai parodė, kad 5-HTP yra veiksmingas papildas daugeliui dalykų, sąrašo viršuje yra gebėjimas padėti slopinti apetitą, kuris gali padėti sumažinti svorį. Taip pat 5-HTP padeda, didinant serotonino kiekį smegenyse. 5-HTP yra vienas iš neurotransmiterio serotonino komponentų. Vartojimas: 5 HTP rekomenduojama gerti po 50 mg tris kartus per parą. Jei vargina nemiga, tuomet patariama gerti vienkartinę 100 mg dozę prieš miegą. Jei depresijos gydymui vartojami serotonino kiekį didinantys vaistai (pvz. antidepresantai – serotonino reabsorbcijos inhibitoriai), dėl maisto papildų su 5 HTP vartojimo rekomenduojama pasitarti su gydančiu gydytoju.Įspėjimas: Nerekomenduojama vartoti asmenims iki 18-os metų. Per didelė dozė gali sukelti šalutinį poveikį. Papildas neskirtas vartoti vaikams, neščiosioms ir maitinančioms moterims. Nevartoti daugiau nei rekomenduojama porcija. Papildas neturi būti vartojamas kaip maisto pakaitalas. Laikyti sausoje, vėsioje vietoje, saugoti nuo saulės spindulių, vaikams nepasiekiamoje vietoje. Prieš vartojant papildą rekomenduojame pasikonsultuoti su sveikatos priežiūros specialistu. Nevartoti, jeigu yra pažeista pakuotė.Gamintojas: Pagaminta Europos sąjungoje pagal Raw Powders Ltd. užsakymą.Plačiau apie 5-HTP skaitykite: 5-HTP Vartojimas, poveikis]]></description><stock><![CDATA[1]]></stock><ean_code></ean_code><manufacturer_code></manufacturer_code><model><![CDATA[5 HTP – Papildas Nuotaikai Ir Miegui 100 tabs. 200 mg.]]></model></product>
<product id="90937198"><title><![CDATA[GABA 125 g. Raw Powders]]></title><item_price><![CDATA[16.95]]></item_price><manufacturer><![CDATA[Mindnutrition]]></manufacturer><image_url><![CDATA[https://i2.wp.com/www.noopapildai.lt/wp-content/uploads/2017/05/RawPowders-GABA-kaina-pirkti.png?fit=420%2C420&ssl=1]]></image_url><product_url><![CDATA[https://www.noopapildai.lt/produktas/gaba/]]></product_url><categories><category><![CDATA[Miego Kokybei]]></category></categories><description><![CDATA[GABA (gama-amino sviesto rūgštis) yra ne-baltymo amino rūgštis. GABA veikia kaip neurotransmiteris žmogaus smegenyse. GASR yra žinomas kaip pačių smegenų raminamasis agentas, natūraliai gaminamas organizme. GABA gali padėti centrinei nervų sistemai atsipalaiduoti ir palengvinti nervinę įtampą. Šio maisto papildo forma L- yra natūrali, tokia pati randama maisto produktuose, taip pat organizme.Vartojimas: gerkite 1/2 šaukšto (1000 mg) 1-3 kartus per parąĮspėjimas: Nerekomenduojama vartoti asmenims iki 18-os metų. Maisto papildas neturi būti vartojamas kaip maisto pakaitalas. Laikyti sausoje, vėsioje vietoje, saugoti nuo saulės spindulių, vaikams nepasiekiamoje vietoje. Prieš vartojant papildą rekomenduojame pasikonsultuoti su sveikatos priežiūros specialistu.Gamintojas: Pagaminta Europos sąjungoje pagal Raw Powders Ltd. užsakymą.Plačiau apie GABA skaitykite: GABA – Poveikis, Vartojimas, Nauda]]></description><stock><![CDATA[10]]></stock><ean_code></ean_code><manufacturer_code></manufacturer_code><model><![CDATA[GABA 125 g. Raw Powders]]></model></product>
<product id="41841703"><title><![CDATA[Citrulino Malatas RAW Powders 250 g.]]></title><item_price><![CDATA[21.95]]></item_price><manufacturer><![CDATA[Mindnutrition]]></manufacturer><image_url><![CDATA[https://i1.wp.com/www.noopapildai.lt/wp-content/uploads/2018/09/raw-powders-citruline-malate-250-citrulino-malatas-milteliai.png?fit=420%2C420&ssl=1]]></image_url><product_url><![CDATA[https://www.noopapildai.lt/produktas/citrulino-malatas-raw-powders/]]></product_url><categories><category><![CDATA[Amino Rūgštys]]></category></categories><description><![CDATA[L-citrulinas yra viena iš trijų aminorūgščių karbamido cikle (kiti 2 yra L-argininas ir L-ornitinas). L-Citrulinas po absorbcijos virsta L-argininu. Apytiksliai 83% peroraliniu būdu nurijus citrulliną, patenka į inkstus, kur yra paverčiamas L-argininu.Nors L-argininas yra prastai absorbuojamas, vartojant L-citruliną gali būti tinkama galimybė tiems, kurie siekia geresnių rezultatų.SVARBU! Argininas trumpą laiką gali padidinti arginino koncentraciją plazmoje. Tačiau citrulinas užtikrina ilgesnį plazmos arginino aktyvumą.Obuolių rūgšties pridėjimas citrullinui didina farmacinį stabilumą ir pagerina jo absorbciją.Citrulinas skatina kraujotaką ir žmogaus augimo hormono išsiskyrimą. Citrulinas palaiko stiprų imunitetą visose kūno sistemose ir prisideda prie kaulų stiprumo.Vartojimas: vartokite porciją (3000 mg. 1 šaukštelis) 1-2 kartus per dieną.Įspėjimas: maisto papildas neturėtų būti vartojamas kaip maisto pakaitalas. Neviršyti nustatytos rekomenduojamos paros dozės. Laikyti vaikams nepasiekiamoje vietoje. Laikyti gerai uždarytą sausoje patalpoje toliau nuo tiesioginių saulės spindulių, ne aukštesnėje negu 25 C temperatūroje. Prieš pradedant vartoti konsultuotis sveikatos priežiūros specialistu.Gamintojas: Pagaminta Europos sąjungoje pagal Raw Powders Ltd. užsakymą.Plačiau apie citruliną skaitykite: L-Citrulinas – Nauda Jūsų Organizmui]]></description><stock><![CDATA[10]]></stock><ean_code></ean_code><manufacturer_code></manufacturer_code><model><![CDATA[Citrulino Malatas RAW Powders 250 g.]]></model></product>
<product id="82728616"><title><![CDATA[L-Tirozinas RAW Powders 100 g.]]></title><item_price><![CDATA[22.95]]></item_price><manufacturer><![CDATA[Mindnutrition]]></manufacturer><image_url><![CDATA[https://i1.wp.com/www.noopapildai.lt/wp-content/uploads/2016/08/RawPowders_L-tyrosine.png?fit=420%2C420&ssl=1]]></image_url><product_url><![CDATA[https://www.noopapildai.lt/produktas/tirozinas-raw-powders/]]></product_url><categories><category><![CDATA[Amino Rūgštys]]></category></categories><description><![CDATA[Dėmesio koncentracijai, budrumui ir nuotaikaiKūnas L tiroziną naudoja; – adrenalino, noradrenalino, serotonino ir dopamino sintezėje, dėl to ši amino rūgštis yra plačiai pamėgta kombinuoti su kitais nootropais.Padidėjus neuromediatorių, epinefrino, noradrenalino ir dopamino kiekiui, tirozinas gali paveikti įvairius procesus ir funkcijas organizme. Visų pirma, šios cheminės medžiagos yra susijusios su budrumu ir dėmesio koncentracija.Viena iš įdomiausių potencialių „Tirozino“ naudų yra tai, kad gali būti veiksminga streso lygio mažinimui. Tai susiję su streso hormonų – epinefrino ir noradrenalino – gamyba.L-tirozino papildai taip pat gali būti veiksmingi, esant depresijai. Tai susiję su tokiais neurotransmiteriais kaip dopaminas, kuris įtakoja bendrą nuotaiką ir motyvaciją.Vartojimas: gerkite vieną porciją (1 dozatoriaus samtelis – 1000 mg.) 1 kartą per dieną, užsigeriant vandeniu.Įspėjimas: Neturėtų būti vartojamas kaip maisto pakaitalas. Neviršyti nustatytos rekomenduojamos paros dozės. Laikyti vaikams nepasiekiamoje vietoje. Laikyti gerai uždarytą sausoje patalpoje toliau nuo tiesioginių saulės spindulių, ne aukštesnėje negu 25 C temperatūroje. Prieš pradedant vartoti konsultuotis su sveikatos priežiūros specialistu.Gamintojas: Pagaminta Europos sąjungoje pagal Raw Powders Ltd. užsakymą.Plačiau apie tiroziną: L-Tirozinas – Nauda, Poveikis, Vartojimas]]></description><stock><![CDATA[10]]></stock><ean_code></ean_code><manufacturer_code></manufacturer_code><model><![CDATA[L-Tirozinas RAW Powders 100 g.]]></model></product>
<product id="63240041"><title><![CDATA[L-Argininas AAKG 250 g. RAW Powders]]></title><item_price><![CDATA[29.95]]></item_price><manufacturer><![CDATA[Mindnutrition]]></manufacturer><image_url><![CDATA[https://i2.wp.com/www.noopapildai.lt/wp-content/uploads/2016/09/RawPowders_18_AAKG_-420x420.png?fit=420%2C420&ssl=1]]></image_url><product_url><![CDATA[https://www.noopapildai.lt/produktas/argininas-aakg-raw-powders/]]></product_url><categories><category><![CDATA[Amino Rūgštys]]></category></categories><description><![CDATA[L-Argininas  arba AAKG yra amino rūgštis, kuri yra priskiriama prie dalinai nepakeičiamų amino rūgščių. Ši amino rūgštis dalyvauja peraminavimo ir  azoto šalinimo iš organizmo procesuose.L-Argininas yra būtinas azoto oksido gamybai mūsų organizme. Maisto papildas L–Argininas yra būtinas žaizdų gijimui, jis padeda pašalinti amoniako perteklių iš mūsų organizmo, skatina mūsų imuninę sistemą ir kai kurių hormonų sintezę (jų tarpe gliukagono, insulino bei augimo hormono) .Vartojimas: Gerkite 1/2 dozatoriaus samtelio miltelių 1-2 kartus per dieną.Įspėjimas: Nepatartina vartoti maisto papildo, jei esate nėščia ar įtariate, kad galite būti nėščia ir jei žindote kūdikį. Jeigu sergate inkstų ar kepenų ligomis – dėl maisto papildo vartojimo pasitarkite su gydytoju arba vaistininku. Jei vartojant maisto papildą atsirado pykinimas, pilvo skausmai ar viduriavimas – sumažinkite dozę. Maisto papildas neturi būti vartojamas kaip maisto pakaitalas. Neviršyti nustatytos rekomenduojamos dozės. Laikyti vėsioje, sausoje, vaikams nepasiekiamoje vietoje.Gamintojas: Pagaminta Europos sąjungoje pagal Raw Powders Ltd. užsakymą.Apie L-Argininą skaitykite plačiau: Kaip veikia L-Argininas ? Nauda, Vartojimas, Poveikis]]></description><stock><![CDATA[10]]></stock><ean_code></ean_code><manufacturer_code></manufacturer_code><model><![CDATA[L-Argininas AAKG 250 g. RAW Powders]]></model></product>
<product id="70135977"><title><![CDATA[Ultra L-Karnitinas & ALA 60 tabs.]]></title><item_price><![CDATA[25.79]]></item_price><manufacturer><![CDATA[Mindnutrition]]></manufacturer><image_url><![CDATA[https://i0.wp.com/www.noopapildai.lt/wp-content/uploads/2017/05/l-karnitinas-alfa-lipoine-rugstis-ala-ultra-carnitine-alpha-lipoic-acid.jpg?fit=510%2C765&ssl=1]]></image_url><product_url><![CDATA[https://www.noopapildai.lt/produktas/karnitinas-alfa-lipoine-rugstis/]]></product_url><categories><category><![CDATA[Amino Rūgštys]]></category></categories><description><![CDATA[Alfa lipoinė rūgštis yra visų organizmo ląstelių sudėtinė dalis. Ji būtina gliukozės apykaitai ląstelėse – panaudoja gliukozę energijos gamybai. Alfa lipoinė rūgštis pasižymi ir antioksidacinėmis savybėmis. Ji padeda stabilizuoti kitus antioksidantus.„Ultra L-Carnitine & ALA“ suteikia aukštos kokybės 200 mg L-karnitino ir 50 mg alfa lipoinės rūgšties (ALA) vienoje tabletėje. L-karnitinas yra ypač populiarus, kai jis derinamas su ALA. Šioje aukštos kokybės formulėje yra pagrindiniai ingredientai, kuriuos suformuluoja „Vitabiotics“ mitybos specialistai. L-karnitinas yra populiarus maistinis priedas tiems, kurie reikalauja aktyvaus gyvenimo būdo ir tiems kurie užsiima sportu.Vartojimas: viena arba dvi tabletės per dieną. Nuryti vandeniu arba šaltu gėrimu. Negalima kramtyti.Įspėjimas: Neviršyti nustatytos rekomenduojamos dozės. Maisto papildas nėra maisto pakaitalas. Svarbu subalansuota mityba ir sveikas gyvenimo būdas. Jei esate alergiška (-as), nėščia ar maitinate krūtimi, pries vartojimą pasikonsultuokite su gydytoju. Laikyti ne aukštesnėje kaip 25 oC temperatūroje, sausoje, vaikams nepasiekiamoje ir nepastebimoje vietoje.Gamintojas: VITABIOTICS LTD., 1 Apsley Way, Londonas, Jungtinė Karalystė]]></description><stock><![CDATA[10]]></stock><ean_code></ean_code><manufacturer_code></manufacturer_code><model><![CDATA[Ultra L-Karnitinas & ALA 60 tabs.]]></model></product>
<product id="95768919"><title><![CDATA[L-Fenilalaninas 250 g. Raw Powders]]></title><item_price><![CDATA[24.95]]></item_price><manufacturer><![CDATA[Mindnutrition]]></manufacturer><image_url><![CDATA[https://i1.wp.com/www.noopapildai.lt/wp-content/uploads/2017/04/Raw-Powders-L-Fenilalaninas-kaina-pirkti-papildai.png?fit=420%2C420&ssl=1]]></image_url><product_url><![CDATA[https://www.noopapildai.lt/produktas/l-fenilalaninas-raw-powders/]]></product_url><categories><category><![CDATA[Amino Rūgštys]]></category></categories><description><![CDATA[Fenilalaninas natūraliai randamas žinduolių piene. Jis yra naudojamas maisto produktų ir gėrimų gamyboje ir parduodamas kaip maisto produktas. Tai yra tiesioginis neuromoduliacinės fenetilamino, plačiai vartojamo maisto papildo, pirmtakas. Kaip esminė amino rūgštis, fenilalaninas nėra sintezuojamas žmonėms ir kitiems gyvūnams, kurie turi suvartoti fenilalaniną arba fenilalanino turinčius baltymus.Vartojimas: L-fenilalanino porcija yra tarp 200 mg. – 1500 mg. per dieną. Užsigerkite vandeniu.Įspėjimas: maisto papildas neturėtų būti vartojamas kaip maisto pakaitalas. Neviršyti nustatytos rekomenduojamos paros dozės. Laikyti vaikams nepasiekiamoje vietoje. Laikyti gerai uždarytą sausoje patalpoje toliau nuo tiesioginių saulės spindulių, ne aukštesnėje negu 25 C temperatūroje. Prieš pradedant vartoti konsultuotis sveikatos priežiūros specialistu.Gamintojas: Pagaminta Europos sąjungoje pagal Raw Powders Ltd. užsakymą.]]></description><stock><![CDATA[10]]></stock><ean_code></ean_code><manufacturer_code></manufacturer_code><model><![CDATA[L-Fenilalaninas 250 g. Raw Powders]]></model></product>
<product id="5935665"><title><![CDATA[Acetil L Karnitinas (ALCAR) – 50 g.]]></title><item_price><![CDATA[14.15]]></item_price><manufacturer><![CDATA[Mindnutrition]]></manufacturer><image_url><![CDATA[https://i0.wp.com/www.noopapildai.lt/wp-content/uploads/2016/09/acetil-l-karnitinas-informacija-kaina-alcar-pirkti-lietuvoje-papildas-maisto-milteliai.png?fit=450%2C450&ssl=1]]></image_url><product_url><![CDATA[https://www.noopapildai.lt/produktas/acetil-l-karnitinas/]]></product_url><categories><category><![CDATA[Amino Rūgštys]]></category></categories><description><![CDATA[Karnitinas yra junginys, kuris yra biosintetinamas iš esminių amino rūgščių metionino ir lizino. Tačiau, kai atliekamas acetilinimo procesas, kuris apima molekulės acetilo grupės pritraukimą, jis žymiai pagerina gebėjimą kirsti kraujo ir smegenų barjerą. Šis procesas gerina L-karnitino veiksmingumą vienai dozei, todėl ji greičiau pasiekia smegenis, todėl Acetil-L-Karnitinas yra efektyvesnis produktas. Tai yra tas pats kaip santykis tarp cholino ir acetilcholino, kuris, kaip žinote, yra esminis neurotransmiteris smegenyse.Karnitinas yra gyvybiškai svarbus riebalų rūgščių transportavimui metabolinio energijos gamybos procese. Kitaip tariant, tai palengvina energijos taupymo riebalų kaupimo procesą, todėl jis gali būti naudingas fizinio krūvio ir dietos metu.Vartojimas: vartoti kaip maisto papildą, gerti  (500 mg) 1 – 3 kartus per dieną, pagal poreikį. Geriausia naudoti su kitais aktyviais maisto papildais.Įspėjimas: Nevartoti maisto papildo, jei esate nėščia ar įtariate, kad galite būti nėščia ir jei žindote kūdikį. Maisto papildas neturi būti vartojamas kaip maisto pakaitalas. Neviršyti nustatytos rekomenduojamos dozės. Laikyti 15-25C temperatūroje, sausoje, vaikams nepasiekiamoje vietoje.Gamintojas: Pagaminta Europos sąjungoje pagal Mind Nutrition Ltd., Londonas, Jungtinė Karalystė, užsakymą.]]></description><stock><![CDATA[1]]></stock><ean_code></ean_code><manufacturer_code></manufacturer_code><model><![CDATA[Acetil L Karnitinas (ALCAR) – 50 g.]]></model></product>
<product id="14609974"><title><![CDATA[D-Asparto Rūgštis (DAA) 100 g. RAW Powders]]></title><item_price><![CDATA[13.95]]></item_price><manufacturer><![CDATA[Mindnutrition]]></manufacturer><image_url><![CDATA[https://i0.wp.com/www.noopapildai.lt/wp-content/uploads/2017/05/RawPowders_09_DAsp-420x420.png?fit=420%2C420&ssl=1]]></image_url><product_url><![CDATA[https://www.noopapildai.lt/produktas/d-asparto-rugstis-daa/]]></product_url><categories><category><![CDATA[Amino Rūgštys]]></category></categories><description><![CDATA[D-asparto rūgštis (D-aspartatas, DAA) yra neesminė amino rūgštis, kuri dalyvauja testosterono sintezėje.Tyrimai parodė, kad šis papildas gali padidinti endogeninę testosterono gamybą.Dėl šios priežasties kultūristai ir kiti sportininkai dažnai vartoja D-asparto rūgštį, kad palaikytų raumenų augimą ir stiprumą.Šį papildą dažniausiai naudoja vyrai, testosterono lygiui didinti. Jis taip pat gali būti naudojamas kaip anti-senėjimo papildas vyrams su mažu testosterono lygiu.Vartojimas:  ½ šaukšto (3000 mg) 1-2 kartus per parą. Viena porcija ryte, kita prieš miegą.Įspėjimas: Nerekomenduojama vartoti asmenims iki 18-os metų. Per didelė dozė gali sukelti šalutinį poveikį. Papildas neskirtas vartoti vaikams, neščiosioms ir maitinančioms moterims. Nevartoti daugiau nei rekomenduojama porcija. Papildas neturi būti vartojamas kaip maisto pakaitalas. Laikyti sausoje, vėsioje vietoje, saugoti nuo saulės spindulių, vaikams nepasiekiamoje vietoje. Prieš vartojant papildą rekomenduojame pasikonsultuoti su sveikatos priežiūros specialistu.Gamintojas: Pagaminta Europos sąjungoje pagal Raw Powders Ltd. užsakymą.Plačiau apie d-asparto rūgštį skaitykite: D-Asparto-Rūgštis – Nauda Raumenų Augimui Ir Seksualinei Sveikatai]]></description><stock><![CDATA[1]]></stock><ean_code></ean_code><manufacturer_code></manufacturer_code><model><![CDATA[D-Asparto Rūgštis (DAA) 100 g. RAW Powders]]></model></product>
<product id="74483007"><title><![CDATA[Acetil-L-Cisteinas (NAC) 100 g.]]></title><item_price><![CDATA[16.35]]></item_price><manufacturer><![CDATA[Mindnutrition]]></manufacturer><image_url><![CDATA[https://i2.wp.com/www.noopapildai.lt/wp-content/uploads/2017/07/n-acetil-cisteinas-kaina-pirkti-papildai-noopapildai-lietuva.jpg?fit=510%2C765&ssl=1]]></image_url><product_url><![CDATA[https://www.noopapildai.lt/produktas/acetilcisteinas/]]></product_url><categories><category><![CDATA[Amino Rūgštys]]></category></categories><description><![CDATA[N-acetil cisteinas (NAC) yra amino rūgštis, naudojama gaminti baltymus, o kūnas ją paverčia gliutatonu – super antioksidantu.NAC skatina normalią homocisteino koncentraciją, palaiko plaučių sveikatą ir skaidrų kvėpavimą bei optimizuoja imuninės sistemos funkciją.NAC paverčiamas unikaliu ir galingu antioksidaciniu fermentu, kuris suteikia papildomą paramą laisvųjų radikalų gynybai ir detoksikacijai.Vartojimas: kaip maisto papildą, gerti  500 mg. – 1,000 mg. per dieną, su vandeniu.Įspėjimas: Nevartoti maisto papildo, jei esate nėščia ar įtariate, kad galite būti nėščia ir jei žindote kūdikį. Nevartoti esant padidėjusiam jautrumui maisto papildo komponentams. Neviršyti nustatytos rekomenduojamos dozės. Laikyti 15-25 oC temperatūroje, sausoje, vaikams nepasiekiamoje vietoje.Gamintojas: Pagaminta Europos sąjungoje pagal Mind Nutrition Ltd., Londonas, Jungtinė Karalystė, užsakymą.Plačiau apie cisteiną skaitykite: Acetil Cisteinas (NAC) – Nauda, Vartojimas, Poveikis]]></description><stock><![CDATA[1]]></stock><ean_code></ean_code><manufacturer_code></manufacturer_code><model><![CDATA[Acetil-L-Cisteinas (NAC) 100 g.]]></model></product>
<product id="68172270"><title><![CDATA[Dopavite Original 60 tabs.]]></title><item_price><![CDATA[22.25]]></item_price><manufacturer><![CDATA[Mindnutrition]]></manufacturer><image_url><![CDATA[https://i0.wp.com/www.noopapildai.lt/wp-content/uploads/2018/01/dopavite-original-maisto-papildai-smegenu-veiklai-kaina-noopapildai.jpg?fit=510%2C765&ssl=1]]></image_url><product_url><![CDATA[https://www.noopapildai.lt/produktas/dopavite-original/]]></product_url><categories><category><![CDATA[Dėmesio Koncentracijai]]></category></categories><description><![CDATA[Dopavitas buvo sukurtas „Vitalogic“, „Vitabiotics Ltd.“ padalinio, kuris kuria specializuotus produktus su aukščiausio lygio mokslinio vientisumo ir tyrimų rezultatais.Unikalios Dopavito kompozicijos sudėtyje yra tikslių porcijų L-tirozino, folatų, cinko, geležies ir vitaminų B3 ir B6. Tikslus kiekvieno ingrediento kiekis ir formos grindžiamas griežtais tyrimais ir daugiau nei 10 000 mokslinių tyrimų vertinimu.Šis papildas turi visas būtinąsias veikliąsias medžiagas dopamino sintezei.Jūsų smegenims reikalingas platus pagrindinių maistinių medžiagų spektras, kurie kartu veikdami sinergetiškai siekia užtikrinti optimalią sveikatą ir našumą.Dopavito patentuota formulė turi cinko ir geležies, kurios prisideda prie normalios pažinimo funkcijos. Be to, folio rūgštis ir vitaminas B6 padeda išlaikyti normalią psichologinę funkciją, o folatai, vitaminas B6 ir niacinas prisideda prie normalaus nervų sistemos veikimo.Smegenys yra sudėtingiausia mašina visatoje, ir, nepaisant tik 2% mūsų kūno svorio, joje sunaudojama net 30% visos kūno energijos.Dopavitas suteikia geležies, mangano, niacino ir vitamino B6, kurie padeda normaliai išlaisvinti energiją. Cinkas taip pat padeda palaikyti normalų angliavandenių ir makroelementų metabolizmą.Dopavitas užtikrina efektyvų mikroelementų kiekį ir gaminamas pagal GMP3 kokybės kontrolės standartus.Vartojimas: Gerti 4 (keturias) tabletes per dieną, geriausia vartoti su pagrindiniu maistu dienoje. Geriausias rezultatas pasiekiamas geriant dvi (2) tabletes du kartus dienoje skirtingu laiku.Įspėjimas: Neviršyti nustatytos rekomenduojamos dozės. Maisto papildas nėra maisto pakaitalas. Svarbu subalansuota mityba ir sveikas gyvenimo būdas. Jei esate alergiška (-as), nėščia ar maitinate krūtimi, pries vartojimą pasikonsultuokite su gydytoju. Laikyti ne aukštesnėje kaip 25 oC temperatūroje, sausoje, vaikams nepasiekiamoje ir nepastebimoje vietoje.Gamintojas: VITABIOTICS LTD., 1 Apsley Way, Londonas, Jungtinė Karalystė]]></description><stock><![CDATA[1]]></stock><ean_code></ean_code><manufacturer_code></manufacturer_code><model><![CDATA[Dopavite Original 60 tabs.]]></model></product>
<product id="80780380"><title><![CDATA[Ashwagandha šaknų ekstraktas 60 kaps. 500 mg.]]></title><item_price><![CDATA[16.45]]></item_price><manufacturer><![CDATA[Mindnutrition]]></manufacturer><image_url><![CDATA[https://i0.wp.com/www.noopapildai.lt/wp-content/uploads/2017/03/Asvagandha-Ashwagandha-ekstraktas-kaina-pirkti.jpg?fit=510%2C765&ssl=1]]></image_url><product_url><![CDATA[https://www.noopapildai.lt/produktas/ashwagandha/]]></product_url><categories><category><![CDATA[Nuovargiui Ir Stresui Mažinti]]></category></categories><description><![CDATA[Ši ypatinga žolelė gali padėti palaikyti gerą organizmo imuninės ir nervų sistemos funkciją, energijos apykaitą ir organizmo būklę. Migdomoji vitanija rekomenduojama gerti daugeliu atvėju, kuriuos sukelia šiuolaikinis gyvenimo tempas, šalinimui. Tai tarsi mūsų organizmą raminantis ir stiprinantis tonikas.Paprastai, Migdomoji Vitanija yra gaminama Indijoje. Ašvaganda ekstraktas yra išgaunamas iš šaknų ar augalo lapų. Ašvagandos šaknies ekstrakte yra junginys vadinamas vitanolidu, o lapuose Vitaferinu-A.Mūsų „Ašvaganda“ šaknies ekstraktas yra standartizuotas su garantuotu kiekiu 2% Vitanolidų (10 mg) vienai kapsulei. Rekomenduojama dozė yra 1 arba 2 kapsulės, tačiau ją galima papildyti didesnėmis dozėmis keletą kartų per dieną.Vartojimas: gerkite 1 ar 2 kapsules vieną ar du kartus per dieną, geriausia tarp valgių. Neviršykite aštuonių (8) kapsulių 24 valandų laikotarpiu, nebent sveikatos priežiūros specialistas nurodytų kitaip.Įspėjimas: nenaudokite maisto papildo, jei esate jaunesni nei 18 metų, esate nėščia ar įtariate, kad galite būti nėščia ir jei žindote kūdikį. Maisto papildas neturi būti vartojamas kaip maisto pakaitalas. Neviršyti nustatytos rekomenduojamos dozės. Laikyti 15-25C temperatūroje, sausoje, vaikams nepasiekiamoje vietoje.Gamintojas: Pagaminta Europos sąjungoje pagal Mind Nutrition Ltd., Londonas, Jungtinė Karalystė, užsakymą.Plačiau apie ashwagandha skaitykite: Ashwagandha – Geresnei nuotaikai ir streso mažinimui]]></description><stock><![CDATA[1]]></stock><ean_code></ean_code><manufacturer_code></manufacturer_code><model><![CDATA[Ashwagandha šaknų ekstraktas 60 kaps. 500 mg.]]></model></product>
<product id="41645734"><title><![CDATA[Rhodiola Rosea Ekstraktas 60 kaps. 350 mg.]]></title><item_price><![CDATA[24.25]]></item_price><manufacturer><![CDATA[Mindnutrition]]></manufacturer><image_url><![CDATA[https://i2.wp.com/www.noopapildai.lt/wp-content/uploads/2017/03/rhodiola-rosea-auksine-saknis-rausvoji-rodiole-kaina-pirkti-papildai.jpg?fit=510%2C765&ssl=1]]></image_url><product_url><![CDATA[https://www.noopapildai.lt/produktas/rhodiola-rosea/]]></product_url><categories><category><![CDATA[Nuovargiui Ir Stresui Mažinti]]></category></categories><description><![CDATA[Tradicinėje Rytų Europos ir Azijos medicinoje vadinama Rhodiola Rosea, Auksinė Šaknis arba Rausvoji Rodiolė vartojama fizinei ištvermei, nuovargiui mažinti, kaip pagalbinė priemonė esant depresijai, anemijai, impotencijai, taip pat virškinimo trakto negalavimams, nervų sistemos sutrikimams. Auksinė šaknis – vienas stipriausiai veikiantis adaptogenas, žolelių ekstraktas.Nervų sistemai skirtas maisto papildas su rausvosios rodiolės šaknų ekstraktu. Rausvoji rodiolė – adaptogenas, padedantis palaikyti normalią nervų sistemos veiklą.Mūsų Rausvosios Rodiolės ekstrakte yra 1% salidrosidų ir 40% polifenolių.Svarbu įvairi ir subalansuota mityba bei sveikas gyvenimo būdas.Vartojimas: vartoti kaip maisto papildą, gerti 1 – 2 kapsules per dieną, geriausia su maistu. Neviršyti keturių kapsulių 24h periode, nebent sveikatos priežiūros specialistas nurodė kitaip.Įspėjimai: Nepatartina vartoti maisto papildo, jei esate nėščia ar įtariate, kad galite būti nėščia ir jei žindote kūdikį. Maisto papildas neturi būti vartojamas kaip maisto pakaitalas. Neviršyti nustatytos rekomenduojamos dozės. Laikyti 15-25C temperatūroje, sausoje, vaikams nepasiekiamoje vietoje.Gamintojas: Pagaminta Europos sąjungoje pagal Mind Nutrition Ltd., Londonas, Jungtinė Karalystė, užsakymą.Daugiau informacijos apie Rhodiola Rosea skaitykite: Rhodiola Rosea – Efektyvus Papildas Stresui Mažinti]]></description><stock><![CDATA[1]]></stock><ean_code></ean_code><manufacturer_code></manufacturer_code><model><![CDATA[Rhodiola Rosea Ekstraktas 60 kaps. 350 mg.]]></model></product>
<product id="63895495"><title><![CDATA[NOOPEPT 98% – Smegenų Veiklai Ir Atminčiai]]></title><item_price><![CDATA[23.95]]></item_price><manufacturer><![CDATA[Mindnutrition]]></manufacturer><image_url><![CDATA[https://i2.wp.com/www.noopapildai.lt/wp-content/uploads/2016/09/RawPowders_10a_Noopept-800x800-500x500.jpg?fit=500%2C500&ssl=1]]></image_url><product_url><![CDATA[https://www.noopapildai.lt/produktas/noopept/]]></product_url><categories><category><![CDATA[Atminčiai Ir Smegenų Veiklai]]></category></categories><description><![CDATA[Noopept gali padėti atminčiai ir smegenų veiklai, stiprinti neuronų komunikaciją tarpusavyje, taip pat teigiamas poveikis žmonėms turintiems nerimo sutrikimų. Tačiau pilną noopept veiksmingumą nustatyti yra sunku konkrečiam žmogui. Viskas susiveda į jų pačių poreikius ir į dabartinį gyvenimo būdą.Noopept veikia kaip ir daugelis kitų racetam klasės nootropų, įtakoja pagrindinias neuromediatorių vietas, taip pat pagerina deguonies ir gliukozės įsisavinimą ir apykaitą smegenyse.Vartojimas: Rekomenduojama pradėti nuo 15 mg (pusė tab.) Per 24 h. nevartoti daugiau nei 30 mg (1 tab.)Įspėjimai: Maisto papildas nėra maisto pakaitalas. Neviršyti nustatytos rekomenduojamos dozės. Svarbu subalansuota mityba ir sveikas gyvenimo būdas. Laikyti ne aukštesnėje kaip 25 0C temperatūroje, sausoje, vaikams nepasiekiamoje ir nepastebimoje vietoje.Gamintojas: Pagaminta Europos sąjungoje pagal Raw Powders Ltd. užsakymą.]]></description><stock><![CDATA[1]]></stock><ean_code></ean_code><manufacturer_code></manufacturer_code><model><![CDATA[NOOPEPT 98% – Smegenų Veiklai Ir Atminčiai]]></model></product>
<product id="76739495"><title><![CDATA[L-Teaninas 60 kaps. 200 mg.]]></title><item_price><![CDATA[13.95]]></item_price><manufacturer><![CDATA[Mindnutrition]]></manufacturer><image_url><![CDATA[https://i2.wp.com/www.noopapildai.lt/wp-content/uploads/2016/08/l-teaninas-kaina-pirkti-maisto-papildas-noopapildai.jpg?fit=510%2C765&ssl=1]]></image_url><product_url><![CDATA[https://www.noopapildai.lt/produktas/l-teaninas/]]></product_url><categories><category><![CDATA[Miego Kokybei]]></category></categories><description><![CDATA[L Teaninas – unikali nebaltyminė, kaip įprasta, amino rūgštis, randama tik arbatžolėse ir vienos rūšies grybuose. Nustatyta, kad L-teaninas patenka į smegenis ir didina gama-amino sviesto rūgšties, serotonino ir dopamino koncentraciją. Gama-amino sviesto rūgštis saugo smegenis nuo dirgiklių ir veikia atpalaiduojančiai.Vartojimas: Atpalaiduojantis efektas pasireiškia išgėrus nuo 50 iki 200 miligramų. Didelių nervinių stresų metu galima L teanino dozę didinti, bet neviršyti 600 mg per šešias valandas.Įspėjimai: Nepatartina vartoti maisto papildo, jei esate nėščia ar įtariate, kad galite būti nėščia ir jei žindote kūdikį. Maisto papildas neturi būti vartojamas kaip maisto pakaitalas. Neviršyti nustatytos rekomenduojamos dozės. Laikyti 15-25C temperatūroje, sausoje, vaikams nepasiekiamoje vietoje.Gamintojas: Pagaminta Europos sąjungoje pagal Mind Nutrition Ltd., Londonas, Jungtinė Karalystė, užsakymą.]]></description><stock><![CDATA[1]]></stock><ean_code></ean_code><manufacturer_code></manufacturer_code><model><![CDATA[L-Teaninas 60 kaps. 200 mg.]]></model></product>
<product id="72511018"><title><![CDATA[N Acetil L-Tirozinas 60 kaps. 350 mg.]]></title><item_price><![CDATA[15.95]]></item_price><manufacturer><![CDATA[Mindnutrition]]></manufacturer><image_url><![CDATA[https://i1.wp.com/www.noopapildai.lt/wp-content/uploads/2017/11/n-acetil-l-tirozinas-kaina-pirkti-noopapildai.jpg?fit=510%2C765&ssl=1]]></image_url><product_url><![CDATA[https://www.noopapildai.lt/produktas/nalt/]]></product_url><categories><category><![CDATA[Amino Rūgštys]]></category></categories><description><![CDATA[N-Acetyl L-Tyrosine yra amino rūgštis, naudojama neurotransmiterių gamybai ir skatina pažinimo funkciją. NALT – Labiau biologiškai prieinama L-tirozino forma.N-acetil-L-tirozino vartojimas gali padėti jūsų smegenų veiklai ir kūno našumui, stiprinant nervinį ryšį ir padėti jums geriau įveikti stresą.NALT yra modifikuotas iš įprasto tirozino, nes jame yra pridėta acto rūgšties. Manoma, kad tai padidina junginio biologinį prieinamumą, todėl jis yra geriau įsisavinamas tiesiai į kraują.Vartojimas: Vartoti kaip maisto papildą, gerti 1 – 2 kapsules per dieną, geriausia su maistu. Geriausia vartoti iš ryto arba prieš protinį ar fizinį darbą, kuris reikalauja dėmesio koncentracijos. Neviršyti keturių ( 4 ) kapsulių 24h periode.Įspėjimas: Nevartoti maisto papildo, jei esate jaunesni nei 18 metų, esate nėščia ar įtariate, kad galite būti nėščia ir jei žindote kūdikį. Maisto papildas neturi būti vartojamas kaip maisto pakaitalas. Neviršyti nustatytos rekomenduojamos dozės. Laikyti 15-25C temperatūroje, sausoje, vaikams nepasiekiamoje vietoje.Gamintojas: Pagaminta Europos sąjungoje pagal Mind Nutrition Ltd., Londonas, Jungtinė Karalystė, užsakymą.]]></description><stock><![CDATA[1]]></stock><ean_code></ean_code><manufacturer_code></manufacturer_code><model><![CDATA[N Acetil L-Tirozinas 60 kaps. 350 mg.]]></model></product>
<product id="39561701"><title><![CDATA[Ultra Kofermentas CoQ10 60 tabs.]]></title><item_price><![CDATA[28.85]]></item_price><manufacturer><![CDATA[Mindnutrition]]></manufacturer><image_url><![CDATA[https://i0.wp.com/www.noopapildai.lt/wp-content/uploads/2018/09/Ultra-CoQ-10-Kofermentas-Kaina-pirkti-lietuvoje-noopapildai-papildas.jpg?fit=510%2C765&ssl=1]]></image_url><product_url><![CDATA[https://www.noopapildai.lt/produktas/ultra-kofermentas-q10/]]></product_url><categories><category><![CDATA[Energijai]]></category></categories><description><![CDATA[Kofermentas Q10 yra medžiaga, sintezuota mūsų kūne, kad padėtų paversti maistą į energija. Tai medžiaga kurią galima rasti kiekvienoje žmogaus kūno ląstelėje.Kofermentas Q10  tai antioksidacinis priedas, kuriuo siekiama padidinti energijos lygį ir palaikyti medžiagų apykaitą. Kofermentas Q10 yra vitamino tipo medžiaga, gaminama žmogaus kūne.Kofermentas Q10 rekomenduojamas tiems, kurie nori padidinti energiją ir greičiau atsigauti po pratimų. Tai taip pat padeda apsaugoti širdies ir skeleto raumenis. Kofermentas Q10 gali padėti sumažinti tam tikrų medžiagų poveikį širdžiai, raumenims ir kitiems organams. Kofermentas Q10 taip pat gali užkirsti kelią širdies nepakankamumui, vėžiui, raumenų distrofijai ir periodonto ligoms. KoQ10 dezaktyvumas didėja kartu su amžiumi, todėl svarbu didinti kofermento Q10 lygį vyresnio amžiaus žmonėms. Vartojimas: gerti 1 – 2 tabletes per dieną. Nuryti su vandeniu arba šaltu gėrimu. Negalima kramtyti. Neviršykite rekomenduojamos dozės.Įspėjimas: maisto papildas neturėtų būti vartojamas kaip maisto pakaitalas. Neviršyti nustatytos rekomenduojamos paros dozės. Laikyti vaikams nepasiekiamoje vietoje. Laikyti gerai uždarytą sausoje patalpoje toliau nuo tiesioginių saulės spindulių, ne aukštesnėje negu 25 C temperatūroje. Prieš pradedant vartoti konsultuotis sveikatos priežiūros specialistu.Gamintojas: Vitabiotics Ltd., 1 Apsley Way, Londonas, Jungtinė KaralystėPlačiau apie kofermentą skaitykite: Kofermentas Q10 – Nauda, Poveikis, Vartojimas]]></description><stock><![CDATA[10]]></stock><ean_code></ean_code><manufacturer_code></manufacturer_code><model><![CDATA[Ultra Kofermentas CoQ10 60 tabs.]]></model></product>
<product id="30384674"><title><![CDATA[UltraCaffeine 90 kaps.]]></title><item_price><![CDATA[19.95]]></item_price><manufacturer><![CDATA[Mindnutrition]]></manufacturer><image_url><![CDATA[https://i0.wp.com/www.noopapildai.lt/wp-content/uploads/2016/10/ultracaffeine-kaina-pirkti-papildas-kofeinas.jpg?fit=510%2C765&ssl=1]]></image_url><product_url><![CDATA[https://www.noopapildai.lt/produktas/ultracaffeine/]]></product_url><categories><category><![CDATA[Energijai]]></category></categories><description><![CDATA[Kofeinas + L Teaninas = Natūralus energijos šaltinis visai dienai. Kofeinas yra veiksmingas didinant energijos lygį, o L-Teaninas – amino rūgštis randama žaliojoje arbatoje, veikia raminančiai, pašalindama kofeino galimai sukelta nervingumą. Toks ingredientų derinys gali suteikti energijos visai dienai, tuo pačiu palaikant budrumą ir produktyvumą. Šis maisto papildas tinka žmonėms, dirbantiems protinį ar fizinį darbą.Vartojimas: 1-2 Tabletes suvartoti prieš fizinį ar protinį darbą, užsigeriant dideliu kiekiu vandens.Įspėjimas: Nepatartina vartoti maisto papildo, jei esate jaunesni nei 18 metų, esate nėščia ar įtariate, kad galite būti nėščia ir jei žindote kūdikį. Maisto papildas neturi būti vartojamas kaip maisto pakaitalas. Neviršyti nustatytos rekomenduojamos dozės. Laikyti 15-25C temperatūroje, sausoje, vaikams nepasiekiamoje vietoje.Gamintojas: Pagaminta Europos sąjungoje pagal Mind Nutrition Ltd., Londonas, Jungtinė Karalystė, užsakymą.Neviršyti 600mg rekomenduojamos L Teanino porcijos per šešias valandas, kofeinu taip pat neturi būti piknaudžiaujama, optimaliausias kofeino kiekis yra – 200mg-100mg priklausomai nuo žmogaus kūno svorio bei organizmo. Kofeino perdozavimo požymiai; Galvos skausmas, pykinimas, vėmimas. Perdozavus kofeino nedelsiant suvartoti didelį kiekį vandens.]]></description><stock><![CDATA[1]]></stock><ean_code></ean_code><manufacturer_code></manufacturer_code><model><![CDATA[UltraCaffeine 90 kaps.]]></model></product>
<product id="8268371"><title><![CDATA[Ultra Red Krill Oil – Krilių Aliejus 30 kaps.]]></title><item_price><![CDATA[21.75]]></item_price><manufacturer><![CDATA[Mindnutrition]]></manufacturer><image_url><![CDATA[https://i1.wp.com/www.noopapildai.lt/wp-content/uploads/2017/11/ultra-red-krill-oil-kriliu-aliejus-kaina-pirkti-papildai-kaina-pirkti.jpg?fit=510%2C569&ssl=1]]></image_url><product_url><![CDATA[https://www.noopapildai.lt/produktas/ultra-red-krill-oil-kriliu-aliejus/]]></product_url><categories><category><![CDATA[Atminčiai Ir Smegenų Veiklai]]></category></categories><description><![CDATA[„Ultra Red Krill Oil“ siūlo puikų Omega-3 šaltinį su daugeliu svarbių papildomų privalumų, skirtų aukščiausio lygio kokybei, grynumui ir efektyvumui užtikrinti.„Ultra Red Krill Oil“ suteikia 500 mg gryno krilių aliejaus, kuris yra ypatingas Omega-3 šaltinis, kuriame yra didelė jūrų fosfolipidų koncentracija, todėl organizme gali būti geriau išnaudojamas nei standartiniuose žuvų taukuose esantis omega-3. „Ultra Red Krill Oil“ suteikia pagrindines riebalų rūgštis, kad normaliai funkcionuotų širdis, smegenys ir regėjimas, lengviau nuryti mažesnę kapsulę be nemalonių žuvų kvapo, skonio ar poskonio.Kaip ir Omega-9 riebiosios rūgštys, Ultra Red Krill suteikia Omega-3, turtingą pagrindinių riebiųjų rūgščių DHA (Docosahexaenoic Acid) ir EPA (Eikozapentaeno rūgšties) šaltinį.EPA ir DHA yra priskiriamos kaip svarbios riebiosios rūgštys, nes jų organizmas negali veiksmingai gaminti ir turi būti gaunamos per maistą.– DHA prisideda prie normalaus regėjimo ir smegenų funkcijos palaikymo– DHA ir EPA prisideda prie normalios širdies funkcijos palaikymoSvarbu: „Ultra Red Krill“ sudėtyje yra tik gryno krilio aliejaus, o ne krilių aliejus, sumaišyto su įprastais žuvų taukais, kuris randamas kai kuriuose produktuose.„Ultra Red Krill Oil“ yra mažesnė, minkšto gelio kapsulė nei dauguma tradicinių „Omega-3“ priedų ir neturi žuvies kvapo ar skonio. Skirtingai nuo riebalų rūgščių, kurias teikia kiti Omega-3 šaltiniai, Ultra Red Krill Oil neleidžia virškinti ir išsisklaido vandenyje. Tai reiškia, kad „Ultra Red Krill Oil“ gali išsisklaidyti plonojoje žarnoje, o ne skrandyje, todėl nėra nemalonių žuvytės, skutimosi, kvapo ar refliukso.Krilių aliejus Omega-3 turi natūraliai mažą toksiškumo ir teršalų lygį, palyginti su kitais Omega-3 šaltiniais.✓ Aukštos koncentracijos fosfolipidai, skirti geresniam Omega-3 absorbavimui
✓ Aukštos kokybės EPA ir DHA šaltinis
✓ 100% natūralus Antarkties krilių aliejus
✓ Nėra žuvies kvapo ir skonio
✓ Maža kapsulėOmega-3 ultra raudonajame krilių aliejus yra tokios pačios naudos kaip ir žuvų taukai Omega-3, kurie palaiko įprastą širdies ir smegenų funkciją, bet yra geresni dėl fosfolipidų buvimo.Tyrimai rodo, kad su fosfolipidu susietomis omega-3 riebalų rūgštimis gali būti didesnis biologinis prieinamumas ląstelių augimui ir funkcionavimui, palyginti su Omega-3 trigliceridais3. „Ultra Red Krill Oil“ naudoja Omega-3 fosfolipidinę formą, o ne Omega-3 trigliceridų formą žuvų ir menkių kepenų aliejuose.Fosfolipidai yra pagrindiniai mūsų ląstelių membranų struktūriniai komponentai, kurie yra susiję su molekulių pernešimu per ląstelės membraną. „Ultra Red Krill Oil“ suteikia Omega-3 fosfolipidine forma, daugiausia kaip fosfatidilcholinas, o tai reiškia, kad ji yra lengviau transportuojama per ląstelių membranas, kur ji naudojama.Omega-3 fosfolipidai seka paprastesnius virškinimo ir paskirstymo būdus žmogaus organizme. Paprastesnis virškinimas plonojoje žarnoje prieš absorbciją yra viena iš galimų priežasčių, dėl kurios Omega-3 fosfolipidai gali būti labiau įsisavinti žmogaus organizme palyginus su standartiniais trigliceridais Omega-3.Vartojimas: Gerti po 1-2  kapsules per dieną valgio metu arba iš karto po jo, užgeriant stikline vandens.Įspėjimai: maisto papildas neturėtų būti vartojamas kaip maisto pakaitalas. Neviršyti nustatytos rekomenduojamos paros dozės. Laikyti vaikams nepasiekiamoje vietoje. Laikyti gerai uždarytą sausoje patalpoje toliau nuo tiesioginių saulės spindulių, ne aukštesnėje negu 25 C temperatūroje. Prieš pradedant vartoti rekomenduojama pasitarti su sveikatos priežiūros specialistu.Gamintojas: VITABIOTICS LTD., 1 Apsley Way, Londonas, Jungtinė Karalystė]]></description><stock><![CDATA[10]]></stock><ean_code></ean_code><manufacturer_code></manufacturer_code><model><![CDATA[Ultra Red Krill Oil – Krilių Aliejus 30 kaps.]]></model></product>
<product id="95748770"><title><![CDATA[OmniMind® SLEEPWELL 40 kaps.]]></title><item_price><![CDATA[27.50]]></item_price><manufacturer><![CDATA[Mindnutrition]]></manufacturer><image_url><![CDATA[https://i2.wp.com/www.noopapildai.lt/wp-content/uploads/2018/10/OmniMind_SleepWell-kaina-pirkti-lietuvoje-papildas.jpg?fit=510%2C510&ssl=1]]></image_url><product_url><![CDATA[https://www.noopapildai.lt/produktas/omnimind-sleepwell-40-kaps/]]></product_url><categories><category><![CDATA[Miego Kokybei]]></category></categories><description><![CDATA[„SleepWell“ yra skirtas miego kokyei ir gali padėti sutrumpinti užmigimo laiką. Galingas natūralus tonikas, padedantis Jūsų kūnui ir protui nakties metu geriau pailsėti.Miegas yra nepaprastai svarbus Jūsų gerovei. Geras, gilus miegas palaiko jūsų kūną ir protą, ruošdamas jus naujai dienai. Jei jūsų natūralaus miego ciklas išsibalansavo, nes per daug ilgai užsibuvote vakarėlyje ar darbo vietoje, „OmniMind® Sleepwell“ gali padėti jums vėl atgauti reikiamą miego trukmę.OmniMind® Sleepwell yra subalansuota formulė, jungianti melatoniną su natūraliomis medžiagomis, kurios skatina miegą. Melatoninas gali padėti sušvelninti subjektyvų laiko juostų skirtumo pajautimą ir sumažinti užmigimo laiką. Prie to pridėta GABA (gama-amino sviesto rūgštis), pagrindinis inhibitorius neurotransmiteris nervų sistemoje.Vartojimas: gerti dvi (2) kapsules 30-60 min. prieš miegą.Įspėjimas: Neviršykite rekomenduojamos dozės. Laikyti tamsioje vietoje kambario temperatūroje ir vaikams nepasiekiamoje vietoje. Maisto papildai neturėtų pakeisti subalansuotos mitybos ir sveiko gyvenimo būdo. Nenaudoti nėštumo metu ar maitinant krūtimi. Prieš vartojimą kreipkitės į gydytoją, jei sergate liga arba vartojate vaistus. Nenaudokite kartu su alkoholiu, kai planuojate vairuoti mašiną.Gamintojas: Pagaminta Europos sąjungoje pagal GetOmniMind, Mastrichtas, Nyderlandai, užsakymą.Oficialus atstovas Lietuvoje: MB „Noopapildai“, Gedimino g. 78, 56152, Kaišiadorys.]]></description><stock><![CDATA[1]]></stock><ean_code></ean_code><manufacturer_code></manufacturer_code><model><![CDATA[OmniMind® SLEEPWELL 40 kaps.]]></model></product>
<product id="48496763"><title><![CDATA[Ultra Vit B Complex 60 tabs.]]></title><item_price><![CDATA[12.75]]></item_price><manufacturer><![CDATA[Mindnutrition]]></manufacturer><image_url><![CDATA[https://i0.wp.com/www.noopapildai.lt/wp-content/uploads/2018/10/ultra-vitamin-b-complex-b-grupes-vitaminai.jpg?fit=510%2C765&ssl=1]]></image_url><product_url><![CDATA[https://www.noopapildai.lt/produktas/ultra-b-grupes-vitaminai-complex-60-tabs/]]></product_url><categories><category><![CDATA[Atminčiai Ir Smegenų Veiklai]]></category></categories><description><![CDATA[Ultra Vit. B Kompleksas iš Vitabiotics apima visus 8 svarbiausius B grupės vitaminus, kurie atlieka tikrai neįtikėtiną vaidmenį organizme ir yra būtini siekiant padėti išlaikyti visą sveikatą, įskaitant plaukų ir odos sveikatą, bei normalią nervų sistemą.B vitaminai yra vandenyje tirpūs vitaminai, tai reiškia, kad jie išsiskiria su šlapimu ir gali greitai išeiti iš organizmo, o tai reiškia, kad kasdienis „Ultra Vit. B“ kompleksas gali padėti apsaugoti savo kasdienį gyvybiškai svarbių vitaminų B kiekį.Ultra Vit. B kompleksas apima visus 8 svarbius vitaminus B: tiaminą (B1), riboflaviną (B2), niaciną (B3), pantotino rūgštį (B5), piridoksiną (B6), biotiną (B7), folio rūgštį (B9) ir cianokobalaminą (B12) .B vitaminai, įskaitant vitaminus B6, tiaminas (vit. B1), riboflavinas (vit B2), niacinas (vit. B3) ir biotinas prisideda prie normalaus nervų sistemos veikimo, taip pat ir pantoteno rūgšties, kuri padeda normaliai veikti psichiškai.itaminas B6 prisideda prie hormoninio aktyvumo reguliavimo, naudojant biotiną, kuris padeda išlaikyti įprastą plauką, taip pat riboflaviną (vit.2 B2) ir niaciną (vit. B3) normaliai odai.Riboflavinas (vit.2 B2) prisideda prie įprasto geležies metabolizmo, kuris yra žinomas dėl normalios raudonųjų kraujo kūnelių ir hemoglobino susidarymo normaliam deguonies transportavimui aplink organizmą. Kartu su vitaminais B6, B12, niacinu (vit. B3) ir pantoteno rūgštimi prisideda prie normalaus energijos išsiskyrimo ir mažėja nuovargis ir stresas.Tiaminas (vit. B1) prisideda prie normalios širdies funkcijos. Vitaminas B12 ir folio rūgštis prisideda prie įprasto homocisteino metabolizmo, kuris yra svarbus širdies sveikatos veiksnys.Vitaminai B6, B12 ir folio rūgštis prisideda prie normalios imuninės sistemos funkcijos.„Ultra Vit B Complex“ rekomenduoja pirmaujantis plaukų slinkimo ekspertas Spencer Stevenson, kurio populiari svetainė „Spex Hair“ teikia mokslinę pagalbą tiems, kurie nori išlaikyti sveikus galvos plaukus.Spencer, taip pat žinomas kaip „Spex“, yra pasauliniu mastu pripažintas plaukų slinkimo ir plaukų persodinimo mentorius, kuris padėjo daugybei žmonių, įskaitant įžymybes, nukreipdamas juos per galimas plaukų priežiūros priemones. Jis rekomenduoja „Ultra Vit B Complex“ padėti apsaugoti pagrindinių mikroelementų, tokių kaip biotinas, kasdienį suvartojimą, kuris padeda išlaikyti normalią plaukų sveikatą.Vartojimas: gerti vieną arba dvi tabletes per dieną. Nuryti su vandeniu arba šaltu gėrimu. Nekramtyti. „Ultra B“ gali būti vartojamas tiek laiko, kiek reikia.Įspėjimas: Neviršyti nustatytos rekomenduojamos dozės. Maisto papildas nėra maisto pakaitalas. Svarbu subalansuota mityba ir sveikas gyvenimo būdas. Jei esate alergiška (-as), nėščia ar maitinate krūtimi, pries vartojimą pasikonsultuokite su gydytoju. Laikyti ne aukštesnėje kaip 25 oC temperatūroje, sausoje, vaikams nepasiekiamoje ir nepastebimoje vietoje.Gamintojas: VITABIOTICS LTD., 1 Apsley Way, Londonas, Jungtinė Karalystė]]></description><stock><![CDATA[10]]></stock><ean_code></ean_code><manufacturer_code></manufacturer_code><model><![CDATA[Ultra Vit B Complex 60 tabs.]]></model></product>
<product id="44623341"><title><![CDATA[Lion’s Mane Mushroom Grybas 30 g.]]></title><item_price><![CDATA[26.95]]></item_price><manufacturer><![CDATA[Mindnutrition]]></manufacturer><image_url><![CDATA[https://i0.wp.com/www.noopapildai.lt/wp-content/uploads/2017/09/lions-mane-mushroom-ekstraktas-grybas-gericijus.png?fit=450%2C450&ssl=1]]></image_url><product_url><![CDATA[https://www.noopapildai.lt/produktas/lions-mane-mushroom/]]></product_url><categories><category><![CDATA[Atminčiai Ir Smegenų Veiklai]]></category></categories><description><![CDATA[Karšto vandens ekstraktas. Min. 25% β-gliukanų. Dabartinėje partijoje yra 27,54%.Lion’s Mane (arba Hericium Erinaceus) yra grybas, kuris suteikia daug naudos jūsų organizmui. „Lion’s Mane“ gimtinė yra Europoje, Azijoje ir Šiaurės Amerikoje – nors Azija (ir konkrečiau Kinija) yra pasaulinės lyderės, auginančios ir išgaunančios „Lion’s Mane“ grybus. Daugiau nei 90% pasaulio „Lion’s Mane“ gaminama Kinijoje. Tai taip pat skanus valgomasis grybas, dažniausiai naudojamas virimui, grybų arbatos ar kavos gamybai. Vasarą natūraliai auga ant medžių ir gali būti identifikuojamas pagal baltą kailio formą.Taip pat žinomas kaip Yamabushitake, „Lion’s Mane“ grybas turi platų polisacharidų pasirinkimą. Polisacharidų kiekis priklauso nuo to, kaip auginami ir ekstrahuojami grybai.Grybelis yra nuimamas ir išgaunamas iš grybų ar vaisių kūnelių, abu turintys savų unikalių junginių. Tai yra žinomi kaip „Erinacines“ ir „Hericenones“. Erinacinai pirmiausia randami grybelyje, o hericenonai daugiausia randami vaisių kūnuose. Mes naudojame tik vaisių kūno ekstraktą, kuris yra Beta-gliukanas, kurio sudėtyje yra „Lion’s Mane“ grybų.Šis „Lion’s Mane“ maisto produktas yra karšto vandens ekstraktas, kurį gamina kompanija „Nammex“, o tai reiškia, kad jis yra ekologiškas ir sertifikuotas, todėl aukščiausia kokybė yra garantuota. Šis ekstraktas suteikia daugiau kaip 25% beta-gliukanų.Vartojimas: vartoti 1,000 mg (1 samtelis). kartą per dieną, porciją išmaišyti stiklinėje vandens.Įspėjimas: Nenaudokite, jei apsauginis sandariklis pažeistas. Prieš vartodami šį ar bet kokį dietinį priedą, visada pasitarkite su gydytoju. Nedelsdami nutraukite vartojimą, jei atsiranda kokių nors neigiamų padarinių, ir kreipkitės į savo sveikatos priežiūros specialistą. Jei esate alergiška (-as), nėščia ar maitinate krūtimi, pries vartojimą pasikonsultuokite su gydytoju. Laikyti ne aukštesnėje kaip 25 oC temperatūroje, sausoje, vaikams nepasiekiamoje ir nepastebimoje vietoje.Gamintojas: Pagaminta Europos sąjungoje pagal Mind Nutrition Ltd., Londonas, Jungtinė Karalystė, užsakymą.Daugiau informacijos: Lion’s Mane Grybų Ekstraktas – Geriausias maisto papildas atminčiai ?]]></description><stock><![CDATA[1]]></stock><ean_code></ean_code><manufacturer_code></manufacturer_code><model><![CDATA[Lion’s Mane Mushroom Grybas 30 g.]]></model></product>
<product id="38213051"><title><![CDATA[Phenibut 50 g. – Raw Powders]]></title><item_price><![CDATA[29.95]]></item_price><manufacturer><![CDATA[Mindnutrition]]></manufacturer><image_url><![CDATA[https://i1.wp.com/www.noopapildai.lt/wp-content/uploads/2016/09/raw-powders-phenibut-kaina-pirkti-lietuvoje-papildas.png?fit=510%2C510&ssl=1]]></image_url><product_url><![CDATA[https://www.noopapildai.lt/produktas/phenibut/]]></product_url><categories><category><![CDATA[Miego Kokybei]]></category></categories><description><![CDATA[Phenibut arba „Fenibut“ HCL yra maisto papildas, kuris gali padėti esant nerimui ar stresui, miego kokybei ir kognityvinei veiklai.„Phenibut“ tai cheminis pavadinimas yra beta-fenil-gama-aminobutyro rūgštis, o tai yra neurotransmiterio GABA darinys.„Phenibut“ nauda gali būti gana didelė kiekvienam, kenčiančiam nuo nerimo ir streso.Vartojimas: 1 dozatoriaus samtelis produkto (400 mg.). Vartoti 1-3 kartus per dieną, pagal poreikį.Įspėjimas: Nerekomenduojama vartoti asmenims iki 18-os metų. Per didelė dozė gali sukelti šalutinį poveikį. Papildas neskirtas vartoti vaikams, neščiosioms ir maitinančioms moterims. Nevartoti daugiau nei rekomenduojama porcija. Papildas neturi būti vartojamas kaip maisto pakaitalas. Laikyti sausoje, vėsioje vietoje, saugoti nuo saulės spindulių, vaikams nepasiekiamoje vietoje. Prieš vartojant papildą rekomenduojame pasikonsultuoti su sveikatos priežiūros specialistu. Nerekomenduojama ilgalaikiam vartojimui.Gamintojas: Pagaminta Europos sąjungoje pagal Raw Powders Ltd. užsakymą.Plačiau apie phenibut skaitykite: Phenibut – Poveikis, Dozavimas, Nauda]]></description><stock><![CDATA[1]]></stock><ean_code></ean_code><manufacturer_code></manufacturer_code><model><![CDATA[Phenibut 50 g. – Raw Powders]]></model></product>
<product id="23120063"><title><![CDATA[Melatoninas – Raw Powders 200 tabs.]]></title><item_price><![CDATA[11.25]]></item_price><manufacturer><![CDATA[Mindnutrition]]></manufacturer><image_url><![CDATA[https://i1.wp.com/www.noopapildai.lt/wp-content/uploads/2016/08/raw-powders-melatonin-melatoninas-10mg-3mg-1mg.png?fit=510%2C510&ssl=1]]></image_url><product_url><![CDATA[https://www.noopapildai.lt/produktas/melatoninas/]]></product_url><categories><category><![CDATA[Miego Kokybei]]></category></categories><description><![CDATA[Melatoninas yra hormonas atsakingas už organizmo biologinio laikrodžio reguliavimą. Jis gaminamas kankorėžinėje liaukoje, kuri yra smegenyse. Melatoninas padeda reguliuoti miegą. Dienos metu kankorėžinė liauka smegenyse gamina serotoniną, tačiau naktį kankorėžinė liauka nustoja jį gaminti ir vietoje jo pradeda gaminti melatoniną. Šis melatonino išskyrimas padeda greitajam miegui.Iš esmės, žmogui senstant organizmas gamina mažiau melatonino. Trūkumai gali sukelti nemigą. Melatonino gamyba skiriasi priklausomai nuo šviesos kiekio, jos veikimo; daugiau melatonino gaminama naktį nei dieną, o organizmas melatonino gamina daugiau visiškai tamsiame kambaryje nei blausiai apšviestame.Melatoninas gali padėti mažinti subjektyvų laiko juostų skirtumo pajautimą. Taip pat melatoninas gali padėti mažinti laiko, reikalingo norint užmigti, trukmę.Vartojimas: tabletėse yra 1 mg melatonino. Siekiant geriausio efekto, rekomenduojame vartoti 1-3 tabletes melatonino maždaug 30 minučių ar 1 valandą prieš miegą.Įspėjimai: Nepatartina vartoti maisto papildo, jei esate nėščia ar įtariate, kad galite būti nėščia ir jei žindote kūdikį. Maisto papildas neturi būti vartojamas kaip maisto pakaitalas. Neviršyti nustatytos rekomenduojamos dozės. Laikyti 15-25C temperatūroje, sausoje, vaikams nepasiekiamoje vietoje.Gamintojas: Pagaminta Europos sąjungoje pagal Raw Powders Ltd. užsakymą.]]></description><stock><![CDATA[10]]></stock><ean_code></ean_code><manufacturer_code></manufacturer_code><model><![CDATA[Melatoninas – Raw Powders 200 tabs.]]></model></product>
<product id="206070"><title><![CDATA[OMNIMIND® N°1 40 kaps.]]></title><item_price><![CDATA[29.95]]></item_price><manufacturer><![CDATA[Mindnutrition]]></manufacturer><image_url><![CDATA[https://i2.wp.com/www.noopapildai.lt/wp-content/uploads/2018/04/omnimind-lietuvoje-pirkti-kaina-papildai.png?fit=510%2C510&ssl=1]]></image_url><product_url><![CDATA[https://www.noopapildai.lt/produktas/omnimind-n1/]]></product_url><categories><category><![CDATA[Atminčiai Ir Smegenų Veiklai]]></category></categories><description><![CDATA[OmniMind® yra moksliškai sukurtas maisto papildas, kad pasiektumėte kitą protinės veiklos lygį.OmniMind®, žinomas kaip energijos ir dėmesio koncentracijos didinimo priemonė sportininkams, verslininkams, studentams ir kompiuterinių žaidimų žaidėjams, padėjo daugeliui žmonių pasiekti savo asmeninių tikslų.Unikalus OmniMind® mišinys paremtas moksliniais tyrimais, palaiko neurotransmiterių veiklą mūsų smegenyse, kad pasiektų optimalią dėmesio koncentraciją, atmintį ir motyvaciją.Efektyvus maisto papildas dirbantiems protinį darbą ir intensyviai sportuojantiems žmonėms.Kofeinas + L-Theanine kartu su Forskolinu ir B grupės vitaminų mišiniu sukuria galingą akcentą, skatindamas atsipalaidavimą ir padėdamas virškinimui ir sveikatai.**Pabaikite sandorį, būkite įkvėptas naujų kūrybinių įžvalgų, užbaikite skaityti mokomąją knygą arba nustebinkite savo draugus sava psichine ištverme per vėlyvą naktinio žaidimo sesiją.Vartojimas: Suaugusiems, gerti dvi (2) kapsules iš ryto, pusryčių metu.Įspėjimas: Neviršyti 5 kapsulių 24 valandų periode. Laikyti ne aukštesnėje kaip 25 C temperatūroje, sausoje, vaikams nepasiekiamoje ir nepastebimoje vietoje. Maisto papildas neturėtų būti vartojamas kaip maisto pakaitalas, svarbu subalansuota mityba ir sveikas gyvenimo būdas. Nevartoti nėsčioms ar žindančioms krūtimi moterims.Gamintojas: Pagaminta Europos sąjungoje pagal GetOmniMind, Mastrichtas, Nyderlandai, užsakymą.Oficialus atstovas Lietuvoje: MB „Noopapildai“, Gedimino g. 78, 56152, Kaišiadorys.]]></description><stock><![CDATA[1]]></stock><ean_code></ean_code><manufacturer_code></manufacturer_code><model><![CDATA[OMNIMIND® N°1 40 kaps.]]></model></product>
<product id="52280526"><title><![CDATA[Bacopa Monnieri 60 kaps. 250 mg.]]></title><item_price><![CDATA[17.60]]></item_price><manufacturer><![CDATA[Mindnutrition]]></manufacturer><image_url><![CDATA[https://i1.wp.com/www.noopapildai.lt/wp-content/uploads/2017/03/bacopa-monnieri-brahmi-melynziede-taskuone-kaina-pirkti-noopapildai-naturalus.jpg?fit=510%2C765&ssl=1]]></image_url><product_url><![CDATA[https://www.noopapildai.lt/produktas/bacopa-monnieri/]]></product_url><categories><category><![CDATA[Atminčiai Ir Smegenų Veiklai]]></category></categories><description><![CDATA[Bacopa Monnieri (Brahmi) yra augalo ekstraktas, kuris gali padėti sustiprinti psichinę ištvermę, kartu palaikant atsipalaidavimo fiziologinius procesus. Bacopa laikoma svarbia tonizuojančia adaptogenine žolele nervų ir smegenų ląstelėms, o tai reiškia, kad ji gali padėti kognityvinei veiklai.Beveik visi Bacopa ekstraktai rinkoje yra tikrinami dėl jų bakosidų kiekio spektrofotometrine analize, paprastai vadinama UV / šviesos analize. Net patentuoti ir labai populiarūs produktai, tokie kaip Synapsa™, naudoja šias bakosidų analizės formas.Mūsų Bacopa ekstraktas yra patvirtintas aukšto efektyvumo skysčių chromatografija arba HPLC. Tai yra galutinis standartas, skirtas tiksliai nustatyti bendrą bakosidų kiekį Bacopa ekstrakte.Vartojimas: vartokite kaip maisto papildą, gerkite 1 arba 2 kapsules tuščiu skrandžiu, kai norite atsipalaiduoti ar pagerinti psichinę būseną.Įspėjimas: Nevartoti maisto papildo, jei esate nėščia ar įtariate, kad galite būti nėščia ir jei žindote kūdikį. Nevartoti esant padidėjusiam jautrumui maisto papildo komponentams. Neviršyti nustatytos rekomenduojamos dozės. Laikyti 15-25 oC temperatūroje, sausoje, vaikams nepasiekiamoje vietoje.Gamintojas: Pagaminta Europos sąjungoje pagal Mind Nutrition Ltd., Londonas, Jungtinė Karalystė, užsakymą.Plačiau apie Bacopa skaitykite: Bacopa Monnieri Augalas – Poveikis, Vartojimas, Nauda]]></description><stock><![CDATA[1]]></stock><ean_code></ean_code><manufacturer_code></manufacturer_code><model><![CDATA[Bacopa Monnieri 60 kaps. 250 mg.]]></model></product>
<product id="37472324"><title><![CDATA[Citicoline 60 kaps. 250 mg.]]></title><item_price><![CDATA[25.85]]></item_price><manufacturer><![CDATA[Mindnutrition]]></manufacturer><image_url><![CDATA[https://i1.wp.com/www.noopapildai.lt/wp-content/uploads/2016/08/citicoline-kaina-pirkti-maisto-papildai-noopapildai.jpg?fit=510%2C765&ssl=1]]></image_url><product_url><![CDATA[https://www.noopapildai.lt/produktas/citicoline/]]></product_url><categories><category><![CDATA[Atminčiai Ir Smegenų Veiklai]]></category></categories><description><![CDATA[Vartojimas: 1-2 kapsulės iš ryto, geriausia su maistu.Įspėjimas: Nevartoti maisto papildo, jei esate jaunesni nei 18 metų, esate nėščia ar įtariate, kad galite būti nėščia ir jei žindote kūdikį. Maisto papildas neturi būti vartojamas kaip maisto pakaitalas. Neviršyti nustatytos rekomenduojamos dozės. Laikyti 15-25C temperatūroje, sausoje, vaikams nepasiekiamoje vietoje.Gamintojas: Pagaminta Europos sąjungoje pagal Mind Nutrition Ltd., Londonas, Jungtinė Karalystė, užsakymą.Plačiau apie citicoline skaitykite: Citicoline – Poveikis, Vartojimas]]></description><stock><![CDATA[1]]></stock><ean_code></ean_code><manufacturer_code></manufacturer_code><model><![CDATA[Citicoline 60 kaps. 250 mg.]]></model></product>
<product id="92380576"><title><![CDATA[DMAE 100 g.]]></title><item_price><![CDATA[11.99]]></item_price><manufacturer><![CDATA[Mindnutrition]]></manufacturer><image_url><![CDATA[https://i2.wp.com/www.noopapildai.lt/wp-content/uploads/2016/11/dmae-milteliai.png?fit=450%2C450&ssl=1]]></image_url><product_url><![CDATA[https://www.noopapildai.lt/produktas/dmae/]]></product_url><categories><category><![CDATA[Atminčiai Ir Smegenų Veiklai]]></category></categories><description><![CDATA[DMAE arba  –  dimetilaminoetanolis – yra organinis junginys, kuris natūraliai gaminamas žmogaus smegenyse ir yra randamas maisto šaltiniuose . Tai efektyvus nootropas – kognityvinis stipriklis, bei ilgaamžiškumo papildas skirtas sveikatos būklei palaikyti, plačiai pamėgtas sportininkų, atletų ir žmonių dirbančių intensyvų protinį darbą.DMAE –  yra maistinga medžiaga randama ančiuviuose, kuri gali padėti palaikyti raumenų tonusą tiek veido srityje, tiek visame kūne mums senstant, bei kovoja su raumenų sunykimu po oda.Veikdamas kaip lengvas stimuliantas, DMAE gali padėti bendrai organizmo savijautai. Dauguma žmonių šį papildą naudoja nuotaikai, energijos lygiui ir koncentracijai. DMAE yra cholino šaltinis, kuris papildo neurotransmiterio acetilcholino lygį, kuris yra smegenų energijos ‘valiuta’ skatindamas pažinimo procesą.Vartojimas: gerti 100-600 mg. per dieną. Neviršyti 600 mg. per parą. Geriausia vartoti ant tuščio skrandžio, užgeriant vandeniu.(1 šaukštelis – 500 mg.)Įspėjimas: Nepatartina vartoti maisto papildo, jei esate jaunesni nei 18 metų, nėščia ar įtariate, kad galite būti nėščia ir jei žindote kūdikį. Maisto papildas neturi būti vartojamas kaip maisto pakaitalas. Neviršyti nustatytos rekomenduojamos dozės. Laikyti 15-25C temperatūroje, sausoje, vaikams nepasiekiamoje vietoje.Gamintojas: Pagaminta Europos sąjungoje pagal Mind Nutrition Ltd., Londonas, Jungtinė Karalystė, užsakymą.Daugiau informacijos: DMAE – Poveikis, Vartojimas, Nauda]]></description><stock><![CDATA[1]]></stock><ean_code></ean_code><manufacturer_code></manufacturer_code><model><![CDATA[DMAE 100 g.]]></model></product>
</products>