<?xml version="1.0" encoding="UTF-8"?>
<root><products>
<product><url><![CDATA[https://www.noopapildai.lt/produktas/kanapiu-arbata-su-citrinzolemis-50-g/]]></url><id>61844316</id><categories><category><![CDATA[Arbatos]]></category></categories><title><![CDATA[Kanapių Arbata Su Citrinžolėmis 50 g.]]></title><description><![CDATA[ Pluoštinių Kanapių Lapų Ir Žiedų Arbata Su Citrinžolėmis – Hemp TeaLabai skani kanapių gėlių lapų ir žiedų arbata. (Rinkta rankomis Čekijos Respublikoje) kartu su citrinžolėmis, papildo mišinį šviežumu ir gardžiu kvapu, kuris rūpinasi Jūsų nervų sistema.Nėra psichoaktyvių efektų. Pluoštinių Kanapių Arbatos (Hemp Tea) ParuošimasParuoškite kaip įprastą arbatą – naudoti vieną arbatinį šaukštelį arbatos, užpilkite verdančiu vandeniu. Leiskite arbatai pastovėti 3-5 min.Susiję straipsniai ]]></description><price>9.95</price><prime_costs>7</prime_costs><images><image><![CDATA[https://i0.wp.com/www.noopapildai.lt/wp-content/uploads/2018/12/kanapiu-arbata-su-cintrinzolemis.jpg?fit=510%2C611&ssl=1]]></image></images><quantity>7</quantity></product>
<product><url><![CDATA[https://www.noopapildai.lt/produktas/kanapiu-arbata-su-meta-50/]]></url><id>72534057</id><categories><category><![CDATA[Arbatos]]></category></categories><title><![CDATA[Kanapių Arbata Su Mėta 50 g.]]></title><description><![CDATA[ Pluoštinių Kanapių Lapų Ir Žiedų Arbata Su Mėta – Hemp TeaLabai skani kanapių gėlių lapų ir žiedų arbata. (Rinkta rankomis Čekijos Respublikoje) kartu su citrinžolėmis, papildo mišinį šviežumu ir gardžiu kvapu, kuris rūpinasi Jūsų nervų sistema.Nėra psichoaktyvių efektų. Pluoštinių Kanapių Arbatos (Hemp Tea) ParuošimasParuoškite kaip įprastą arbatą – naudoti vieną arbatinį šaukštelį arbatos, užpilkite verdančiu vandeniu. Leiskite arbatai pastovėti 3-5 min.Susiję straipsniai ]]></description><price>9.95</price><prime_costs>7</prime_costs><images><image><![CDATA[https://i2.wp.com/www.noopapildai.lt/wp-content/uploads/2018/12/kanapiu-arbata-metu-skonio-kaina-pirkti.jpg?fit=510%2C611&ssl=1]]></image></images><quantity>9999</quantity></product>
<product><url><![CDATA[https://www.noopapildai.lt/produktas/bacopa-monnieri/]]></url><id>38602320</id><categories><category><![CDATA[Atminčiai Ir Smegenų Veiklai]]></category></categories><title><![CDATA[Bacopa Monnieri 60 kaps. 250 mg.]]></title><description><![CDATA[ Bacopa Monnieri (Mėlynžiedė taškuonė) – Maisto papildasViso augalo ekstraktas, 50% bakosidųKas Yra Bacopa Monnieri ( Brahmi )Bacopa Monnieri (Brahmi) yra augalo ekstraktas, kuris gali padėti sustiprinti psichinę ištvermę, kartu palaikant atsipalaidavimo fiziologinius procesus. Bacopa laikoma svarbia tonizuojančia adaptogenine žolele nervų sistemai ir smegenų ląstelėms.Beveik visi Bacopa ekstraktai rinkoje yra tikrinami dėl jų bakosidų kiekio spektrofotometrine analize, paprastai vadinama UV / šviesos analize. Net patentuoti ir labai populiarūs produktai, tokie kaip Synapsa™, naudoja šias bakosidų analizės formas.Mūsų Bacopa ekstraktas yra patvirtintas aukšto efektyvumo skysčių chromatografija arba HPLC. Tai yra galutinis standartas, skirtas tiksliai nustatyti bendrą bakosidų kiekį Bacopa ekstrakte.Vartojimas: vartokite kaip maisto papildą, gerkite 1 arba 2 kapsules tuščiu skrandžiu.Įspėjimas: Nevartoti maisto papildo, jei esate nėščia ar įtariate, kad galite būti nėščia ir jei žindote kūdikį. Nevartoti esant padidėjusiam jautrumui maisto papildo komponentams. Neviršyti nustatytos rekomenduojamos dozės. Laikyti 15-25 oC temperatūroje, sausoje, vaikams nepasiekiamoje vietoje.Gamintojas: Pagaminta Europos sąjungoje pagal Mind Nutrition Ltd., Londonas, Jungtinė Karalystė, užsakymą.Plačiau apie Bacopa skaitykite: Bacopa Monnieri Augalas – Poveikis, Vartojimas, Nauda#section_1527144373{padding-top:60px;padding-bottom:60px;min-height:300px;background-color:rgb(245, 245, 245)}Susiję straipsniai ]]></description><price>15.45</price><prime_costs>12</prime_costs><images><image><![CDATA[https://i1.wp.com/www.noopapildai.lt/wp-content/uploads/2017/03/bacopa-monnieri-brahmi-melynziede-taskuone-kaina-pirkti-noopapildai-naturalus.jpg?fit=510%2C765&ssl=1]]></image></images><quantity>9999</quantity></product>
<product><url><![CDATA[https://www.noopapildai.lt/produktas/ultra-vit-b-complex-60-tabs/]]></url><id>29017472</id><categories><category><![CDATA[Atminčiai Ir Smegenų Veiklai]]></category></categories><title><![CDATA[Ultra Vit B Complex 60 tabs. – B Grupės Vitaminai]]></title><description><![CDATA[ B Grupės Vitaminų Kompleksas – Maisto Papildas Optimalaus stiprumo vitamino B kompleksasUltra Vit. B Kompleksas iš Vitabiotics apima visus 8 svarbiausius B grupės vitaminus, kurie atlieka tikrai neįtikėtiną vaidmenį organizme ir yra būtini siekiant padėti išlaikyti visą sveikatą, įskaitant plaukų ir odos sveikatą, bei normalią nervų sistemą.B vitaminai yra vandenyje tirpūs vitaminai, tai reiškia, kad jie išsiskiria su šlapimu ir gali greitai išeiti iš organizmo, o tai reiškia, kad kasdienis „Ultra Vit. B“ kompleksas gali padėti apsaugoti savo kasdienį gyvybiškai svarbių vitaminų B kiekį.Ultra vitaminas B gali būti ypač tinkamas:Įvairių sporto šakų sportininkamsVeganams ir vegetaramsAktyvią gyvenseną propaguojantiemsTiems kuriems per 50 metųUltra Vit. B kompleksas apima visus 8 svarbius vitaminus B: tiaminą (B1), riboflaviną (B2), niaciną (B3), pantotino rūgštį (B5), piridoksiną (B6), biotiną (B7), folio rūgštį (B9) ir cianokobalaminą (B12) .Smegenys ir nervų sistemaB vitaminai, įskaitant vitaminus B6, tiaminas (vit. B1), riboflavinas (vit B2), niacinas (vit. B3) ir biotinas prisideda prie normalaus nervų sistemos veikimo, taip pat ir pantoteno rūgšties, kuri padeda normaliai veikti psichiškai.Sveiki plaukai ir odaitaminas B6 prisideda prie hormoninio aktyvumo reguliavimo, naudojant biotiną, kuris padeda išlaikyti įprastą plauką, taip pat riboflaviną (vit.2 B2) ir niaciną (vit. B3) normaliai odai.Energijos išleidimasRiboflavinas (vit.2 B2) prisideda prie įprasto geležies metabolizmo, kuris yra žinomas dėl normalios raudonųjų kraujo kūnelių ir hemoglobino susidarymo normaliam deguonies transportavimui aplink organizmą. Kartu su vitaminais B6, B12, niacinu (vit. B3) ir pantoteno rūgštimi prisideda prie normalaus energijos išsiskyrimo ir mažėja nuovargis ir stresas.Širdies sveikata ir Homocisteino lygiaiTiaminas (vit. B1) prisideda prie normalios širdies funkcijos. Vitaminas B12 ir folio rūgštis prisideda prie įprasto homocisteino metabolizmo, kuris yra svarbus širdies sveikatos veiksnys.Imuninės sistemos funkcijaVitaminai B6, B12 ir folio rūgštis prisideda prie normalios imuninės sistemos funkcijos.Vartojimas: gerti vieną arba dvi tabletes per dieną. Nuryti su vandeniu arba šaltu gėrimu. Nekramtyti. „Ultra B“ gali būti vartojamas tiek laiko, kiek reikia.Įspėjimas: Neviršyti nustatytos rekomenduojamos dozės. Maisto papildas nėra maisto pakaitalas. Svarbu subalansuota mityba ir sveikas gyvenimo būdas. Jei esate alergiška (-as), nėščia ar maitinate krūtimi, pries vartojimą pasikonsultuokite su gydytoju. Laikyti ne aukštesnėje kaip 25 oC temperatūroje, sausoje, vaikams nepasiekiamoje ir nepastebimoje vietoje.Gamintojas: VITABIOTICS LTD., 1 Apsley Way, Londonas, Jungtinė Karalystė#section_580121689{padding-top:60px;padding-bottom:60px;min-height:300px;background-color:rgb(245, 245, 245)}Susiję straipsniai ]]></description><price>12.75</price><prime_costs>10</prime_costs><images><image><![CDATA[https://i2.wp.com/www.noopapildai.lt/wp-content/uploads/2018/10/b-grupes-vitaminai-kaina-pirkti-nauda.jpg?fit=510%2C765&ssl=1]]></image></images><quantity>12</quantity></product>
<product><url><![CDATA[https://www.noopapildai.lt/produktas/citicoline/]]></url><id>11315670</id><categories><category><![CDATA[Atminčiai Ir Smegenų Veiklai]]></category></categories><title><![CDATA[Citicoline 60 kaps. 250 mg.]]></title><description><![CDATA[ Citicoline – Maisto Papildas Citicoline gali būti naudingas Nuotaikai ir smegenų veiklaiDėmesio koncentracijaiVartojimas: 1-2 kapsulės iš ryto, geriausia su maistu.Įspėjimas: Nevartoti maisto papildo, jei esate jaunesni nei 18 metų, esate nėščia ar įtariate, kad galite būti nėščia ir jei žindote kūdikį. Maisto papildas neturi būti vartojamas kaip maisto pakaitalas. Neviršyti nustatytos rekomenduojamos dozės. Laikyti 15-25C temperatūroje, sausoje, vaikams nepasiekiamoje vietoje.Gamintojas: Pagaminta Europos sąjungoje pagal Mind Nutrition Ltd., Londonas, Jungtinė Karalystė, užsakymą.Plačiau apie citicoline skaitykite: Citicoline – Poveikis, Vartojimas#section_1081934046{padding-top:60px;padding-bottom:60px;min-height:300px;background-color:rgb(245, 245, 245)}Susiję straipsniai ]]></description><price>25.85</price><prime_costs>20</prime_costs><images><image><![CDATA[https://i1.wp.com/www.noopapildai.lt/wp-content/uploads/2016/08/citicoline-kaina-pirkti-maisto-papildai-noopapildai.jpg?fit=510%2C765&ssl=1]]></image></images><quantity>40</quantity></product>
<product><url><![CDATA[https://www.noopapildai.lt/produktas/cholinas-raw-powders-250-g/]]></url><id>80103631</id><categories><category><![CDATA[Atminčiai Ir Smegenų Veiklai]]></category></categories><title><![CDATA[Cholinas – Raw Powders 250 g.]]></title><description><![CDATA[ Cholino Bitartratas – Raw Powders – 250 g. – Maisto Papildas Kas yra „Cholino Bitartratas“ ?Cholinas yra natūrali pagrindinė maistinė medžiaga, jau rasta mūsų kūne ir netgi gaminama viduje, nors ir labai ribotai. Jis randamas įvairiuose maisto šaltiniuose, pavyzdžiui, kiaušiniuose, mėsoje, žuvyje, žemės riešutuose, brokoliuose ir kt. Cholinas laikomas vandenyje tirpia maistine medžiaga ir panaši į B vitaminų šeimą. Jis taip pat yra struktūriškai identifikuotas kaip fosfolipidas arba riebalų rūšis, kurios yra gausiai ląstelių membranose. Cholinas yra tiesioginis acetilcholino, kuris yra vienas iš neurotransmiterių, kuris kontroliuoja atminties formavimą ir keletą kitų pažinimo procesų, pirmtakas.Cholinas padeda palaikyti normalią homocisteino, lipidų apykaitą ir normalią kepenų veiklą.Vartojimas: Suaugusiems, gerti 250 mg – 1000 mg. per parą.Įspėjimas: Neviršyti 1000 mg. 24 valandų periode. Laikyti ne aukštesnėje kaip 25 C temperatūroje, sausoje, vaikams nepasiekiamoje ir nepastebimoje vietoje. Maisto papildas neturėtų būti vartojamas kaip maisto pakaitalas, svarbu subalansuota mityba ir sveikas gyvenimo būdas. Nevartoti nėsčioms ar žindančioms krūtimi moterims.Gamintojas: Pagaminta Europos sąjungoje pagal Raw Powders Ltd. užsakymą.Plačiau apie choliną skaitykite: Cholinas – Nauda, Poveikis, Šaltiniai Maiste#section_167912105{padding-top:60px;padding-bottom:60px;min-height:300px;background-color:rgb(245, 245, 245)}Susiję straipsniai ]]></description><price>20.95</price><prime_costs>16</prime_costs><images><image><![CDATA[https://i2.wp.com/www.noopapildai.lt/wp-content/uploads/2018/12/cholinas-papildai-kaina-vitaminas.png?fit=510%2C685&ssl=1]]></image></images><quantity>20</quantity></product>
<product><url><![CDATA[https://www.noopapildai.lt/produktas/omnimind-n1/]]></url><id>86804744</id><categories><category><![CDATA[Atminčiai Ir Smegenų Veiklai]]></category></categories><title><![CDATA[OMNIMIND® N°1 40 kaps.]]></title><description><![CDATA[ OmniMind®, žinomas kaip maisto papildas protinei ir fizinei veiklai skirtas sportininkams, verslininkams, studentams ir kompiuterinių žaidimų žaidėjams, padėjo daugeliui žmonių pasiekti savo asmeninių tikslų.Unikalus OmniMind® mišinys paremtas moksliniais tyrimais, palaiko neurotransmiterių veiklą mūsų smegenyse.Maisto papildas dirbantiems protinį darbą ir intensyviai sportuojantiems žmonėms.Natūralus maisto papildas be GMO, Gliuteno ar dirbtinių priedųSubalansuotas ingredientų mišinysMaisto papildas tinka įvairaus amžiaus žmonėms**Pabaikite sandorį, būkite įkvėptas naujų kūrybinių įžvalgų, užbaikite skaityti mokomąją knygą arba nustebinkite savo draugus sava psichine ištverme per vėlyvą naktinio žaidimo sesiją.Vartojimas: Suaugusiems, gerti dvi (2) kapsules iš ryto, pusryčių metu.Įspėjimas: Sudėtyje yra kofeino. Neviršyti 5 kapsulių 24 valandų periode. Laikyti ne aukštesnėje kaip 25 C temperatūroje, sausoje, vaikams nepasiekiamoje ir nepastebimoje vietoje. Maisto papildas neturėtų būti vartojamas kaip maisto pakaitalas, svarbu subalansuota mityba ir sveikas gyvenimo būdas. Nevartoti nėsčioms ar žindančioms krūtimi moterims.Gamintojas: Pagaminta Europos sąjungoje pagal GetOmniMind, Mastrichtas, Nyderlandai, užsakymą.Oficialus atstovas Lietuvoje: MB „Noopapildai“, Gedimino g. 78, 56152, Kaišiadorys.#section_1957251927{padding-top:60px;padding-bottom:60px;min-height:300px;background-color:rgb(245, 245, 245)}Susiję straipsniai ]]></description><price>29.95</price><prime_costs>23</prime_costs><images><image><![CDATA[https://i2.wp.com/www.noopapildai.lt/wp-content/uploads/2018/04/omnimind-lietuvoje-pirkti-kaina-papildai.png?fit=510%2C510&ssl=1]]></image></images><quantity>36</quantity></product>
<product><url><![CDATA[https://www.noopapildai.lt/produktas/dmae/]]></url><id>75510438</id><categories><category><![CDATA[Atminčiai Ir Smegenų Veiklai]]></category></categories><title><![CDATA[DMAE 100 g.]]></title><description><![CDATA[ DMAE arba  –  dimetilaminoetanolis – yra organinis junginys, kuris natūraliai gaminamas žmogaus smegenyse ir yra randamas maisto šaltiniuose. Papildas plačiai pamėgtas sportininkų, atletų ir žmonių dirbančių intensyvų protinį darbą.DMAE –  yra maistinga medžiaga randama ančiuviuose, kuri gali padėti palaikyti raumenų tonusą tiek veido srityje, tiek visame kūne mums senstant, bei kovoja su raumenų sunykimu po oda.DMAE yra cholino šaltinis, kuris papildo neurotransmiterio acetilcholino lygį, kuris yra smegenų energijos ‘valiuta’ skatindamas pažinimo procesą.Natūralus cholino pirmtakasRandami riebiose žuvyseVartojimas: gerti 100-600 mg. per dieną. Neviršyti 600 mg. per parą. Geriausia vartoti ant tuščio skrandžio, užgeriant vandeniu. (1 šaukštelis – 500 mg.)Įspėjimas: Nepatartina vartoti, jei esate jaunesni nei 18 metų, nėščia ar įtariate, kad galite būti nėščia ir jei žindote kūdikį. Maisto papildas neturi būti vartojamas kaip maisto pakaitalas. Neviršyti nustatytos rekomenduojamos dozės. Laikyti 15-25C temperatūroje, sausoje, vaikams nepasiekiamoje vietoje.Gamintojas: Pagaminta Europos sąjungoje pagal Mind Nutrition Ltd., Londonas, Jungtinė Karalystė, užsakymą.Daugiau informacijos: DMAE – Poveikis, Vartojimas, Nauda#section_1696688550{padding-top:59px;padding-bottom:59px;min-height:300px;background-color:rgb(240, 240, 240)}Susiję straipsniai ]]></description><price>12.95</price><prime_costs>10</prime_costs><images><image><![CDATA[https://i0.wp.com/www.noopapildai.lt/wp-content/uploads/2016/11/dmae-milteliai-1.png?fit=450%2C450&ssl=1]]></image></images><quantity>39</quantity></product>
<product><url><![CDATA[https://www.noopapildai.lt/produktas/neurozan-plus/]]></url><id>92762082</id><categories><category><![CDATA[Atminčiai Ir Smegenų Veiklai]]></category></categories><title><![CDATA[Neurozan Plus N56]]></title><description><![CDATA[ Neurozan Plus – Maistas Smegenims, maisto papildasSmegenu ląstelės, kurios yra neuroninio tinklo sudedamoji dalis, negali būti pakeistos, mikroelementai turi turėti didžiausią prioritetą organizme. Neurozan turi specifinių vitaminų, įskaitant jodą, kuris prisideda prie normalios kognityvinių funkcijų ir normalios psichinės veiklos.NeurozanPlus sudėtyje yra DHA, kuris prisideda prie normalios smegenų funkcijos palaikymo. Remiantis naujausiais vitaminų tyrimais, Neurozan yra idealus smegenų papildas, kurio pagalba niacinas prisideda prie normalaus nervų sistemos veikimo, taip pat 5-HTP, fosfatidilserinas, Ginkgo Biloba ir dar daugiau!Dar geresnė parama su aukštos kokybės DHAJūsų smegenyse reikalingas platus pagrindinių maistinių medžiagų spektras, kuris kartu dirba, siekiant užtikrinti optimalią sveikatą ir našumą. „Neurozan Plus“ teikia pažangią mitybinę paramą su specialiomis maistinėmis medžiagomis, kurios padeda išlaikyti įprastą smegenų ir kognityvinę funkciją.„Neurozan Plus“ dviguba pakuotė sujungia naujausius moksliniais tyrimais pagrįstus mikroelementus smegenų sveikatai ir labai gryną 60% Omega-3 DHA kapsulę.Maistas smegenims:Smegenų funkcijaOmega-3 300mg DHA† Prisideda prie normalios smegenų funkcijos palaikymo.Protinis pajėgumasGeležis, cinkas ir jodas prisideda prie normalios kognityvinės funkcijos ir plastinės pantoteno rūgšties, kuri prisideda prie normalios psichinės veiklos.Nervų sistemaiTiamine (vit B1), magnis ir vitaminas C prisideda prie normalaus nervų sistemos veikimo.Psichologinės funkcijosVitaminai B12, B6, tiaminas (vit. B1), folio rūgštis, vitaminas C ir magnis prisideda prie normalios psichologinės funkcijos.Tabletės formulė dabar suteikia idealų 25mcg (1000IU) vitaminą D3 pageidaujamoje, aktyvesnėje cholecalciferolio formoje, kurią sintezuoja oda.Speciali formulė apima maistingąsias medžiagas, skirtas sveikatai ir gyvybingumui, įskaitant:– Vitaminas C, geležis ir varis prisideda prie normalaus energijos išsiskyrimo– Selenas ir cinkas prisideda prie normalios imuninės sistemos funkcijosDėl itin plataus multivitaminų komplekso, papildomai vartoti kitų papildų nereikia.Vartojimas: (1) violetinės spalvos blisterio kapsulė +  ( 1  ) ružavos spalvos blisterio kapsulė. Užgeriant dideliu kiekiu vandens. Geriausia vartoti su maistu.Įspėjimas: Neviršyti nustatytos rekomenduojamos dozės. Maisto papildas nėra maisto pakaitalas. Svarbu subalansuota mityba ir sveikas gyvenimo būdas. Jei esate alergiška (-as), nėščia ar maitinate krūtimi, pries vartojimą pasikonsultuokite su gydytoju. Laikyti ne aukštesnėje kaip 25 oC temperatūroje, sausoje, vaikams nepasiekiamoje ir nepastebimoje vietoje.Gamintojas: VITABIOTICS LTD., 1 Apsley Way, Londonas, Jungtinė Karalystė#section_948773238{padding-top:60px;padding-bottom:60px;min-height:300px;background-color:rgb(245, 245, 245)}Susiję straipsniai ]]></description><price>26.45</price><prime_costs>21</prime_costs><images><image><![CDATA[https://i0.wp.com/www.noopapildai.lt/wp-content/uploads/2017/06/neurozan-plus-kaina-pirkti-papildai.jpg?fit=510%2C765&ssl=1]]></image></images><quantity>15</quantity></product>
<product><url><![CDATA[https://www.noopapildai.lt/produktas/karnitinas-alfa-lipoine-rugstis/]]></url><id>92953160</id><categories><category><![CDATA[Amino Rūgštys]]></category></categories><title><![CDATA[Ultra L-Karnitinas & ALA 60 tabs.]]></title><description><![CDATA[ Ultra L-Karnitinas + Alfa Lipoinė rūgštis, maisto papildas Alfa lipoinė rūgštis yra visų organizmo ląstelių sudėtinė dalis. Ji būtina gliukozės apykaitai ląstelėse – panaudoja gliukozę energijos gamybai. Alfa lipoinė rūgštis pasižymi ir antioksidacinėmis savybėmis. Ji padeda stabilizuoti kitus antioksidantus.„Ultra L-Carnitine & ALA“ suteikia aukštos kokybės 200 mg L-karnitino ir 50 mg alfa lipoinės rūgšties (ALA) vienoje tabletėje. L-karnitinas yra ypač populiarus, kai jis derinamas su ALA. Šioje aukštos kokybės formulėje yra pagrindiniai ingredientai, kuriuos suformuluoja „Vitabiotics“ mitybos specialistai. L-karnitinas yra populiarus maistinis priedas tiems, kurie reikalauja aktyvaus gyvenimo būdo ir tiems kurie užsiima sportu.Vartojimas: viena arba dvi tabletės per dieną. Nuryti vandeniu arba šaltu gėrimu. Negalima kramtyti.Įspėjimas: Neviršyti nustatytos rekomenduojamos dozės. Maisto papildas nėra maisto pakaitalas. Svarbu subalansuota mityba ir sveikas gyvenimo būdas. Jei esate alergiška (-as), nėščia ar maitinate krūtimi, pries vartojimą pasikonsultuokite su gydytoju. Laikyti ne aukštesnėje kaip 25 oC temperatūroje, sausoje, vaikams nepasiekiamoje ir nepastebimoje vietoje.Gamintojas: VITABIOTICS LTD., 1 Apsley Way, Londonas, Jungtinė Karalystė#section_664543617{padding-top:60px;padding-bottom:60px;min-height:300px;background-color:rgb(245, 245, 245)}Susiję straipsniai ]]></description><price>19.95</price><prime_costs>15</prime_costs><images><image><![CDATA[https://i0.wp.com/www.noopapildai.lt/wp-content/uploads/2017/05/l-karnitinas-alfa-lipoine-rugstis-ala-ultra-carnitine-alpha-lipoic-acid.jpg?fit=510%2C765&ssl=1]]></image></images><quantity>21</quantity></product>
<product><url><![CDATA[https://www.noopapildai.lt/produktas/acetilcisteinas/]]></url><id>96751736</id><categories><category><![CDATA[Amino Rūgštys]]></category></categories><title><![CDATA[Acetil-L-Cisteinas (NAC) 100 g.]]></title><description><![CDATA[ N-acetil cisteinas (NAC)N-acetil cisteinas (NAC) yra natūraliai susidaranti amino rūgštis, naudojama gaminti baltymus, kuri gali padėti jums siekti treniruočių tikslų.Ypač patogus vartojimas miltelių pavidale.Vartojimas: gerti  500 mg. – 1,000 mg. per dieną, su vandeniu.Įspėjimas: Nevartoti maisto papildo, jei esate nėščia ar įtariate, kad galite būti nėščia ir jei žindote kūdikį. Nevartoti esant padidėjusiam jautrumui maisto papildo komponentams. Neviršyti nustatytos rekomenduojamos dozės. Laikyti 15-25 oC temperatūroje, sausoje, vaikams nepasiekiamoje vietoje.Gamintojas: Pagaminta Europos sąjungoje pagal Mind Nutrition Ltd., Londonas, Jungtinė Karalystė, užsakymą.Plačiau apie cisteiną skaitykite: Acetil Cisteinas (NAC) – Nauda, Vartojimas, Poveikis#section_2030812045{padding-top:60px;padding-bottom:60px;min-height:300px;background-color:rgb(245, 245, 245)}Susiję straipsniai ]]></description><price>16.35</price><prime_costs>13</prime_costs><images><image><![CDATA[https://i2.wp.com/www.noopapildai.lt/wp-content/uploads/2017/07/n-acetil-cisteinas-kaina-pirkti-papildai-noopapildai-lietuva.jpg?fit=510%2C765&ssl=1]]></image></images><quantity>30</quantity></product>
<product><url><![CDATA[https://www.noopapildai.lt/produktas/l-fenilalaninas-raw-powders/]]></url><id>8806743</id><categories><category><![CDATA[Amino Rūgštys]]></category></categories><title><![CDATA[L-Fenilalaninas 250 g. Raw Powders]]></title><description><![CDATA[ Kas Yra L-Fenilalaninas ?Fenilalaninas natūraliai randamas žinduolių piene. Jis yra naudojamas maisto produktų ir gėrimų gamyboje ir parduodamas kaip maisto produktas. Tai yra tiesioginis neuromoduliacinės fenetilamino, plačiai vartojamo maisto papildo, pirmtakas. Kaip esminė amino rūgštis, fenilalaninas nėra sintezuojamas žmonėms ir kitiems gyvūnams, kurie turi suvartoti fenilalaniną arba fenilalanino turinčius baltymus.L-Fenilalaninas gali būti naudingas:Nuotaikai, motyvacijaiDopamino lygiuiDėmesio koncentracijaiVartojimas: L-fenilalanino porcija yra tarp 200 mg. – 1500 mg. per dieną. Užsigerkite vandeniu.Įspėjimas: maisto papildas neturėtų būti vartojamas kaip maisto pakaitalas. Neviršyti nustatytos rekomenduojamos paros dozės. Laikyti vaikams nepasiekiamoje vietoje. Laikyti gerai uždarytą sausoje patalpoje toliau nuo tiesioginių saulės spindulių, ne aukštesnėje negu 25 C temperatūroje. Prieš pradedant vartoti konsultuotis sveikatos priežiūros specialistu.Gamintojas: Pagaminta Europos sąjungoje pagal Raw Powders Ltd. užsakymą.#section_524689150{padding-top:54px;padding-bottom:54px;min-height:97px;background-color:rgb(245, 245, 245)}Susiję straipsniai ]]></description><price>19.95</price><prime_costs>15</prime_costs><images><image><![CDATA[https://i1.wp.com/www.noopapildai.lt/wp-content/uploads/2017/04/Raw-Powders-L-Fenilalaninas-kaina-pirkti-papildai.png?fit=420%2C420&ssl=1]]></image></images><quantity>12</quantity></product>
<product><url><![CDATA[https://www.noopapildai.lt/produktas/lions-mane-mushroom/]]></url><id>97066218</id><categories><category><![CDATA[Atminčiai Ir Smegenų Veiklai]]></category></categories><title><![CDATA[Lion’s Mane Mushroom Grybas 30 g.]]></title><description><![CDATA[ Lion’s Mane Mushrooms Milteliai (Grybas – Gericijus)Karšto vandens ekstraktas. Min. 25% β-gliukanų. Dabartinėje partijoje yra 27,54%.Kas yra Lion’s Mane Grybas ?Lion’s Mane (arba Hericium Erinaceus) yra grybas, kuris suteikia daug naudos jūsų organizmui. „Lion’s Mane“ gimtinė yra Europoje, Azijoje ir Šiaurės Amerikoje – nors Azija (ir konkrečiau Kinija) yra pasaulinės lyderės, auginančios ir išgaunančios „Lion’s Mane“ grybus. Daugiau nei 90% pasaulio „Lion’s Mane“ gaminama Kinijoje. Tai taip pat skanus valgomasis grybas, dažniausiai naudojamas virimui, grybų arbatos ar kavos gamybai. Vasarą natūraliai auga ant medžių ir gali būti identifikuojamas pagal baltą kailio formą.Lion’s Mane Grybo NaudaTaip pat žinomas kaip Yamabushitake, „Lion’s Mane“ grybas turi platų polisacharidų pasirinkimą. Polisacharidų kiekis priklauso nuo to, kaip auginami ir ekstrahuojami grybai.Grybelis yra nuimamas ir išgaunamas iš grybų ar vaisių kūnelių, abu turintys savų unikalių junginių. Tai yra žinomi kaip „Erinacines“ ir „Hericenones“. Erinacinai pirmiausia randami grybelyje, o hericenonai daugiausia randami vaisių kūnuose. Mes naudojame tik vaisių kūno ekstraktą, kuris yra Beta-gliukanas, kurio sudėtyje yra „Lion’s Mane“ grybų.Šis „Lion’s Mane“ maisto produktas yra karšto vandens ekstraktas, kurį gamina kompanija „Nammex“, o tai reiškia, kad jis yra ekologiškas ir sertifikuotas, todėl aukščiausia kokybė yra garantuota. Šis ekstraktas suteikia daugiau kaip 25% beta-gliukanų. Vartojimas: vartoti 1,000 mg (1 samtelis). kartą per dieną, porciją išmaišyti stiklinėje vandens.Įspėjimas: Nenaudokite, jei apsauginis sandariklis pažeistas. Prieš vartodami šį ar bet kokį dietinį priedą, visada pasitarkite su gydytoju. Nedelsdami nutraukite vartojimą, jei atsiranda kokių nors neigiamų padarinių, ir kreipkitės į savo sveikatos priežiūros specialistą. Jei esate alergiška (-as), nėščia ar maitinate krūtimi, pries vartojimą pasikonsultuokite su gydytoju. Laikyti ne aukštesnėje kaip 25 oC temperatūroje, sausoje, vaikams nepasiekiamoje ir nepastebimoje vietoje.Gamintojas: Pagaminta Europos sąjungoje pagal Mind Nutrition Ltd., Londonas, Jungtinė Karalystė, užsakymą.Daugiau informacijos: Lion’s Mane Grybų Ekstraktas – Geriausias maisto papildas atminčiai ?#section_663728140{padding-top:60px;padding-bottom:60px;min-height:300px;background-color:rgb(245, 245, 245)}Susiję straipsniai ]]></description><price>29.95</price><prime_costs>23</prime_costs><images><image><![CDATA[https://i0.wp.com/www.noopapildai.lt/wp-content/uploads/2017/09/lions-mane-mushroom-ekstraktas-grybas-gericijus.png?fit=450%2C450&ssl=1]]></image></images><quantity>40</quantity></product>
<product><url><![CDATA[https://www.noopapildai.lt/produktas/tirozinas-raw-powders/]]></url><id>38454634</id><categories><category><![CDATA[Amino Rūgštys]]></category></categories><title><![CDATA[L-Tirozinas RAW Powders 100 g.]]></title><description><![CDATA[ L-Tirozinas RAW Powders, milteliai.Dėmesio koncentracijai ir nuotaikaiKam Reikalingas L-Tirozinas ?Kūnas L tiroziną naudoja; – adrenalino, noradrenalino, serotonino ir dopamino sintezėje, dėl to ši amino rūgštis yra plačiai pamėgta kombinuoti su kitais nootropais.Padidėjus neuromediatorių, epinefrino, noradrenalino ir dopamino kiekiui, tirozinas gali paveikti įvairius procesus ir funkcijas organizme.Vartojimas: gerkite vieną porciją (1 dozatoriaus samtelis – 1000 mg.) 1 kartą per dieną, užsigeriant vandeniu.Įspėjimas: Neturėtų būti vartojamas kaip maisto pakaitalas. Neviršyti nustatytos rekomenduojamos paros dozės. Laikyti vaikams nepasiekiamoje vietoje. Laikyti gerai uždarytą sausoje patalpoje toliau nuo tiesioginių saulės spindulių, ne aukštesnėje negu 25 C temperatūroje. Prieš pradedant vartoti konsultuotis su sveikatos priežiūros specialistu.Gamintojas: Pagaminta Europos sąjungoje pagal Raw Powders Ltd. užsakymą.Plačiau apie tiroziną: L-Tirozinas – Nauda, Poveikis, Vartojimas#section_1552061183{padding-top:60px;padding-bottom:60px;min-height:300px;background-color:rgb(245, 245, 245)}Susiję straipsniai ]]></description><price>19.95</price><prime_costs>15</prime_costs><images><image><![CDATA[https://i1.wp.com/www.noopapildai.lt/wp-content/uploads/2016/08/RawPowders_L-tyrosine.png?fit=420%2C420&ssl=1]]></image></images><quantity>7</quantity></product>
<product><url><![CDATA[https://www.noopapildai.lt/produktas/d-asparto-rugstis-daa/]]></url><id>18374312</id><categories><category><![CDATA[Amino Rūgštys]]></category></categories><title><![CDATA[D-Asparto Rūgštis (DAA) 100 g. RAW Powders]]></title><description><![CDATA[ D Asparto rūgštis ( D-Aspartic Acid) 100 g. RAW PowdersKas yra D-Asparto-Rūgštis ?D-asparto rūgštis (D-aspartatas, DAA) yra neesminė amino rūgštis, kuri dalyvauja testosterono sintezėje.Tyrimai parodė, kad šis papildas gali padidinti endogeninę testosterono gamybą.Dėl šios priežasties kultūristai ir kiti sportininkai dažnai vartoja D-asparto rūgštį, kad palaikytų raumenų augimą ir stiprumą.D-Asparto Rūgšties Nauda OrganizmuiGali padidinti raumenų jėgąGali padėti atsistatyti raumenims po treniruočiųVartojimas:  ½ šaukšto (3000 mg) 1-2 kartus per parą. Viena porcija ryte, kita prieš miegą.Įspėjimas: Nerekomenduojama vartoti asmenims iki 18-os metų. Per didelė dozė gali sukelti šalutinį poveikį. Papildas neskirtas vartoti vaikams, neščiosioms ir maitinančioms moterims. Nevartoti daugiau nei rekomenduojama porcija. Papildas neturi būti vartojamas kaip maisto pakaitalas. Laikyti sausoje, vėsioje vietoje, saugoti nuo saulės spindulių, vaikams nepasiekiamoje vietoje. Prieš vartojant papildą rekomenduojame pasikonsultuoti su sveikatos priežiūros specialistu.Gamintojas: Pagaminta Europos sąjungoje pagal Raw Powders Ltd. užsakymą.Plačiau apie d-asparto rūgštį skaitykite: D-Asparto-Rūgštis – Nauda Raumenų Augimui Ir Seksualinei Sveikatai#section_315191530{padding-top:60px;padding-bottom:60px;min-height:300px;background-color:rgb(245, 245, 245)}Susiję straipsniai ]]></description><price>13.95</price><prime_costs>11</prime_costs><images><image><![CDATA[https://i0.wp.com/www.noopapildai.lt/wp-content/uploads/2017/05/RawPowders_09_DAsp-420x420.png?fit=420%2C420&ssl=1]]></image></images><quantity>1</quantity></product>
<product><url><![CDATA[https://www.noopapildai.lt/produktas/argininas-aakg-raw-powders/]]></url><id>62126920</id><categories><category><![CDATA[Amino Rūgštys]]></category></categories><title><![CDATA[L-Argininas AAKG 250 g. RAW Powders]]></title><description><![CDATA[ L-Argininas AAKG 250 g. RAW PowdersL-Argininas – Alfa-ketoglutaratasL-Argininas  arba AAKG yra amino rūgštis, kuri yra priskiriama prie dalinai nepakeičiamų amino rūgščių. Ši amino rūgštis dalyvauja peraminavimo ir  azoto šalinimo iš organizmo procesuose.AAKG gali būti naudingasImuninei sistemaiGaminti azoto oksidui ir stiprinti kraujotakaiSportuojantiems ir aktyvia veikla užsiimantiems žmonėmsVartojimas: Gerkite 1/2 dozatoriaus samtelio miltelių 1-2 kartus per dieną.Įspėjimas: Nepatartina vartoti maisto papildo, jei esate nėščia ar įtariate, kad galite būti nėščia ir jei žindote kūdikį. Jeigu sergate inkstų ar kepenų ligomis – dėl maisto papildo vartojimo pasitarkite su gydytoju arba vaistininku. Jei vartojant maisto papildą atsirado pykinimas, pilvo skausmai ar viduriavimas – sumažinkite dozę. Maisto papildas neturi būti vartojamas kaip maisto pakaitalas. Neviršyti nustatytos rekomenduojamos dozės. Laikyti vėsioje, sausoje, vaikams nepasiekiamoje vietoje.Gamintojas: Pagaminta Europos sąjungoje pagal Raw Powders Ltd. užsakymą.Apie L-Argininą skaitykite plačiau: Kaip veikia L-Argininas ? Nauda, Vartojimas, Poveikis#section_1542050830{padding-top:60px;padding-bottom:60px;min-height:300px;background-color:rgb(245, 245, 245)}Susiję straipsniai ]]></description><price>21.15</price><prime_costs>16</prime_costs><images><image><![CDATA[https://i2.wp.com/www.noopapildai.lt/wp-content/uploads/2016/09/RawPowders_18_AAKG_-420x420.png?fit=420%2C420&ssl=1]]></image></images><quantity>10</quantity></product>
<product><url><![CDATA[https://www.noopapildai.lt/produktas/acetil-l-karnitinas/]]></url><id>77279459</id><categories><category><![CDATA[Amino Rūgštys]]></category></categories><title><![CDATA[Acetil L Karnitinas (ALCAR) – 50 g.]]></title><description><![CDATA[ Acetil-L-Karnitinas (ALCAR), Maisto papildas Karnitinas yra junginys, kuris yra biosintetinamas iš esminių amino rūgščių metionino ir lizino. Tačiau, kai atliekamas acetilinimo procesas, kuris apima molekulės acetilo grupės pritraukimą, jis žymiai pagerina gebėjimą kirsti kraujo ir smegenų barjerą. Šis procesas gerina L-karnitino veiksmingumą vienai dozei, todėl ji greičiau pasiekia smegenis, todėl Acetil-L-Karnitinas yra efektyvesnis produktas.Karnitinas yra gyvybiškai svarbus riebalų rūgščių transportavimui metabolinio energijos gamybos procese. Kitaip tariant, tai palengvina energijos taupymo riebalų kaupimo procesą, todėl jis gali būti naudingas fizinio krūvio ir dietos metu.Vartojimas: vartoti kaip maisto papildą, gerti  (500 mg) 1 – 3 kartus per dieną, pagal poreikį. Geriausia naudoti su kitais aktyviais maisto papildais.Įspėjimas: Nevartoti maisto papildo, jei esate nėščia ar įtariate, kad galite būti nėščia ir jei žindote kūdikį. Maisto papildas neturi būti vartojamas kaip maisto pakaitalas. Neviršyti nustatytos rekomenduojamos dozės. Laikyti 15-25C temperatūroje, sausoje, vaikams nepasiekiamoje vietoje.Gamintojas: Pagaminta Europos sąjungoje pagal Mind Nutrition Ltd., Londonas, Jungtinė Karalystė, užsakymą.#section_1022089133{padding-top:60px;padding-bottom:60px;min-height:300px;background-color:rgb(245, 245, 245)}Susiję straipsniai ]]></description><price>14.15</price><prime_costs>11</prime_costs><images><image><![CDATA[https://i0.wp.com/www.noopapildai.lt/wp-content/uploads/2016/09/acetil-l-karnitinas-informacija-kaina-alcar-pirkti-lietuvoje-papildas-maisto-milteliai.png?fit=450%2C450&ssl=1]]></image></images><quantity>31</quantity></product>
<product><url><![CDATA[https://www.noopapildai.lt/produktas/rameval-15-kapsuliu/]]></url><id>94643718</id><categories><category><![CDATA[Miego Kokybei]]></category></categories><title><![CDATA[Rameval, 15 kapsulių]]></title><description><![CDATA[ Maisto papildas Rameval® N15 ValentisRAMEVAL® kapsulės – ramybės augalų puokštė iš valerijonų, melisų, pipirinių mėtų, ramunių ir apynių padeda:palaikyti normalią nervų sistemos būklę (vaistiniai valerijonai),atsipalaiduoti (vaistinės melisos, pipirinės mėtos, vaistinės ramunės),palengvinti užmigimą ir palaikyti miego kokybę (vaistinės melisos, paprastieji apyniai),palaikyti normalią savijautą menopauzės metu (paprastieji apyniai).„Valentis“ pristato maisto papildą Rameval kapsules augalinių komponentų derinį nervų sistemai ir miegui. Maisto papildo Rameval kapsulių sudėtyje yra vaistinių valerijonų, melisų bei ramunėlių, paprastųjų apynių ir pipirinių mėtų miltelių. Sudėtinės dalys yra kruopščiai atrinktos, kompleksas veikia sinergiškai. Dėl natūralių sudėtinių dalių, tinkamas vartoti ir vaikams nuo 5 metų.Vartojimas: Rekomenduojama vaikams nuo 5 metų amžiaus gerti po 1 kapsulę per dieną, suaugusiesiems gerti po 1 kapsulę 3 kartus per dieną arba 2-3 kapsules prieš miegą.Įspėjimai: Neviršyti nustatytos rekomenduojamos dozės. Maisto papildas neturėtų būti vartojamas kaip maisto pakaitalas. Labai svarbu įvairi ir subalansuota mityba bei sveikas gyvenimo būdas. Laikyti sausoje, tamsioje vietoje, ne aukštesnėje kaip 25 °C temperatūroje, vaikams nepasiekiamoje vietoje.Gamintojas: Valentis AG, CH-6982 Agno – Lugano, Šveicarija.  Platintojas: UAB “Valentis Pharma”, Molėtų pl. 11, LT-08409 Vilnius, Lietuva.  Pagaminta ES.#section_2087140350{padding-top:52px;padding-bottom:52px;background-color:rgb(245, 245, 245)}Susiję straipsniai ]]></description><price>5.49</price><prime_costs>4</prime_costs><images><image><![CDATA[https://i0.wp.com/www.noopapildai.lt/wp-content/uploads/2018/10/rameval-15-kapsuliu.png?fit=473%2C398&ssl=1]]></image></images><quantity>49</quantity></product>
<product><url><![CDATA[https://www.noopapildai.lt/produktas/ashwagandha/]]></url><id>28548002</id><categories><category><![CDATA[Nuovargiui Ir Stresui]]></category></categories><title><![CDATA[Ashwagandha šaknų ekstraktas 60 kaps. 500 mg.]]></title><description><![CDATA[ Ashwagandha (Ašvaganda – Migdomoji Vitanija) 2% Vitanolidų (10mg) #text-box-414767473{width:90%}#text-box-414767473 .text{font-size:100%}/**/Migdomąją vitaniją rekomenduojama gerti daugeliu atvėju, kuriuos sukelia šiuolaikinis gyvenimo tempas, šalinimui. Tai tarsi mūsų organizmą raminantis ir stiprinantis tonikas.Paprastai, Migdomoji Vitanija yra gaminama Indijoje. Ašvaganda ekstraktas yra išgaunamas iš šaknų ar augalo lapų. Ašvagandos šaknies ekstrakte yra junginys vadinamas vitanolidu, o lapuose Vitaferinu-A.Mūsų „Ašvaganda“ šaknies ekstraktas yra standartizuotas su garantuotu kiekiu 2% Vitanolidų (10 mg) vienai kapsulei. Rekomenduojama dozė yra 1 arba 2 kapsulės, tačiau ją galima papildyti didesnėmis dozėmis keletą kartų per dieną.Turime Ashwagandha ir miltelių pavidale.Vartojimas: gerkite 1 ar 2 kapsules vieną ar du kartus per dieną, geriausia tarp valgių. Neviršykite aštuonių (8) kapsulių 24 valandų laikotarpiu, nebent sveikatos priežiūros specialistas nurodytų kitaip.Įspėjimas: nenaudokite maisto papildo, jei esate jaunesni nei 18 metų, esate nėščia ar įtariate, kad galite būti nėščia ir jei žindote kūdikį. Maisto papildas neturi būti vartojamas kaip maisto pakaitalas. Neviršyti nustatytos rekomenduojamos dozės. Laikyti 15-25C temperatūroje, sausoje, vaikams nepasiekiamoje vietoje.Gamintojas: Pagaminta Europos sąjungoje pagal Mind Nutrition Ltd., Londonas, Jungtinė Karalystė, užsakymą.Plačiau apie ashwagandha skaitykite: Ashwagandha – Geresnei nuotaikai ir streso mažinimui#section_1386239593{padding-top:59px;padding-bottom:59px;min-height:300px;background-color:rgb(240, 240, 240)}Susiję straipsniai ]]></description><price>16.45</price><prime_costs>13</prime_costs><images><image><![CDATA[https://i0.wp.com/www.noopapildai.lt/wp-content/uploads/2017/03/Asvagandha-Ashwagandha-ekstraktas-kaina-pirkti.jpg?fit=510%2C765&ssl=1]]></image></images><quantity>44</quantity></product>
<product><url><![CDATA[https://www.noopapildai.lt/produktas/rhodiola-rosea/]]></url><id>29354969</id><categories><category><![CDATA[Nuovargiui Ir Stresui]]></category></categories><title><![CDATA[Rhodiola Rosea Ekstraktas 60 kaps. 350 mg.]]></title><description><![CDATA[ Rhodiola Rosea ( Rausvoji Rodiolė – Auksinė Šaknis) – Maisto Papildas Tradicinėje Rytų Europos ir Azijos medicinoje vadinama Rhodiola Rosea – vienas stipriausiai veikiantis adaptogenas, žolelių ekstraktas.Mūsų Rausvosios Rodiolės ekstrakte yra 1% salidrosidų ir 40% polifenolių.Svarbu įvairi ir subalansuota mityba bei sveikas gyvenimo būdas.Vartojimas: vartoti kaip maisto papildą, gerti 1 – 2 kapsules per dieną, geriausia su maistu. Neviršyti keturių kapsulių 24h periode, nebent sveikatos priežiūros specialistas nurodė kitaip.Įspėjimai: Nepatartina vartoti maisto papildo, jei esate nėščia ar įtariate, kad galite būti nėščia ir jei žindote kūdikį. Maisto papildas neturi būti vartojamas kaip maisto pakaitalas. Neviršyti nustatytos rekomenduojamos dozės. Laikyti 15-25C temperatūroje, sausoje, vaikams nepasiekiamoje vietoje.Gamintojas: Pagaminta Europos sąjungoje pagal Mind Nutrition Ltd., Londonas, Jungtinė Karalystė, užsakymą.Daugiau informacijos apie Rhodiola Rosea skaitykite: Rhodiola Rosea – Efektyvus Papildas Stresui Mažinti#section_1826972520{padding-top:60px;padding-bottom:60px;min-height:300px;background-color:rgb(245, 245, 245)}Susiję straipsniai ]]></description><price>24.95</price><prime_costs>19</prime_costs><images><image><![CDATA[https://i2.wp.com/www.noopapildai.lt/wp-content/uploads/2017/03/rhodiola-rosea-auksine-saknis-rausvoji-rodiole-kaina-pirkti-papildai.jpg?fit=510%2C765&ssl=1]]></image></images><quantity>6</quantity></product>
<product><url><![CDATA[https://www.noopapildai.lt/produktas/melatoninas/]]></url><id>58114282</id><categories><category><![CDATA[Miego Kokybei]]></category></categories><title><![CDATA[Melatoninas – RAW Powders 200 tabs.]]></title><description><![CDATA[ Melatoninas – Maisto Papildas MieguiMelatoninas yra hormonas atsakingas už organizmo biologinio laikrodžio reguliavimą. Jis gaminamas kankorėžinėje liaukoje, kuri yra smegenyse. Dienos metu kankorėžinė liauka smegenyse gamina serotoniną, tačiau naktį kankorėžinė liauka nustoja jį gaminti ir vietoje jo pradeda gaminti melatoniną.Kam reikalingas melatoninas?Iš esmės, žmogui senstant organizmas gamina mažiau melatonino. Trūkumai gali sukelti nemigą. Melatonino gamyba skiriasi priklausomai nuo šviesos kiekio, jos veikimo; daugiau melatonino gaminama naktį nei dieną, o organizmas melatonino gamina daugiau visiškai tamsiame kambaryje nei blausiai apšviestame.Melatoninas padeda mažinti subjektyvų laiko juostų skirtumo pajautimąMelatoninas padeda mažinti laiko, reikalingo norint užmigti, trukmęVartojimas: gerti vieną tabletę melatonino 30-60 min. prieš miegą.Įspėjimai: Nepatartina vartoti maisto papildo, jei esate nėščia ar įtariate, kad galite būti nėščia ir jei žindote kūdikį. Maisto papildas neturi būti vartojamas kaip maisto pakaitalas. Neviršyti nustatytos rekomenduojamos dozės. Laikyti 15-25C temperatūroje, sausoje, vaikams nepasiekiamoje vietoje.Gamintojas: Pagaminta Europos sąjungoje pagal Raw Powders Ltd. užsakymą.#section_1057385033{padding-top:60px;padding-bottom:60px;min-height:300px;background-color:rgb(245, 245, 245)}Susiję straipsniai ]]></description><price>11.95</price><prime_costs>9</prime_costs><images><image><![CDATA[https://i1.wp.com/www.noopapildai.lt/wp-content/uploads/2016/08/raw-powders-melatonin-melatoninas-10mg-3mg-1mg.png?fit=510%2C510&ssl=1]]></image></images><quantity>3</quantity></product>
<product><url><![CDATA[https://www.noopapildai.lt/produktas/neuromed-kapsules-n15/]]></url><id>2096201</id><categories><category><![CDATA[Miego Kokybei]]></category></categories><title><![CDATA[Neuromed, kapsulės N15]]></title><description><![CDATA[ Maisto papildas Neuromed® N15 ValentisDažnai susiduriame su stresą ir nerimą sukeliančiomis situacijomis, visų jų išvengti praktiškai neįmanoma, todėl reikia stengtis sumažinti streso poveikį organizmui ir palaikyti normalią nervų sistemos veiklą. Maisto papildo Neuromed kapsulių sudėtyje yra vaistinių valerijonų, paprastųjų apynių ir rausvųjų pasiflorų ekstraktų. Šis ypatingas augalinių ekstraktų derinys veikia sinergiškai – papildo vienas kito veikimą. Valerijonas padeda palaikyti normalią psichinę sveikatą.  Apyniai padeda palaikyti normalią nervų sistemos veiklą. Pasifloros padeda palaikyti atsparumą stresui. Todėl tinkama vartoti tiems, kurie nuolatos jaučia įtampą tam tikrose gyvenimo situacijose (darbe, namuose ir pan.). Neuromed maisto papildas tinka ilgalaikiam vartojimui.Vartojimas: Rekomenduojama suaugusiesiems gerti po 1 kapsulę 3 kartus per dieną arba 2-3 kapsules prieš miegą. Neviršyti nustatytos rekomenduojamos dozės. Maisto papildas neturėtų būti vartojamas kaip maisto pakaitalas.Įspėjimai: Neviršyti nustatytos rekomenduojamos dozės. Maisto papildas neturėtų būti vartojamas kaip maisto pakaitalas. Labai svarbu įvairi ir subalansuota mityba bei sveikas gyvenimo būdas. Laikyti sausoje, tamsioje vietoje, ne aukštesnėje kaip 25 °C temperatūroje, vaikams nepasiekiamoje vietoje.Gamintojas: Valentis AG, CH-6982 Agno – Lugano, Šveicarija.  Platintojas: UAB “Valentis Pharma”, Molėtų pl. 11, LT-08409 Vilnius, Lietuva.  Pagaminta ES.#section_769228334{padding-top:52px;padding-bottom:52px;background-color:rgb(245, 245, 245)}Susiję straipsniai ]]></description><price>3.95</price><prime_costs>3</prime_costs><images><image><![CDATA[https://i0.wp.com/www.noopapildai.lt/wp-content/uploads/2018/10/neuromed-kapsules-n15.png?fit=510%2C420&ssl=1]]></image></images><quantity>55</quantity></product>
<product><url><![CDATA[https://www.noopapildai.lt/produktas/tribulus-terrestris-500-mg-120-tabs/]]></url><id>169508</id><categories><category><![CDATA[Energijai]]></category></categories><title><![CDATA[Tribulus Terrestris 500 mg. 120 tabs.]]></title><description><![CDATA[ Tribulus Terrestris – Raw Powders Maisto Papildas, tabletėmis Tribulus terrestris yra ilgašaknis augalas, turintis ilgą istoriją.T. terrestris buvo pavadintas įvairiais pavadinimais per visą savo istoriją. Kai kurie iš jų apima ožkų galvą, katės galvą, bulių galvą, velnio erškėčius, kaltropą, dygliavandenį ir punkciją.Tribulus Terrestris yra geriausiai žinomas ir geriausiai parduodamas maisto papildas testosteronui.Vartojimas: Šis maisto papildas skirtas vartoti po 1-2 tabletes du kartus per dieną su maistu.Įspėjimas: Laikyti ne aukštesnėje kaip 25 C temperatūroje, sausoje, vaikams nepasiekiamoje ir nepastebimoje vietoje. Maisto papildas neturėtų būti vartojamas kaip maisto pakaitalas, svarbu subalansuota mityba ir sveikas gyvenimo būdas. Nevartoti nėsčioms ar žindančioms krūtimi moterims.Gamintojas: Pagaminta Europos sąjungoje pagal Raw Powders Ltd. užsakymą.#section_357236435{padding-top:60px;padding-bottom:60px;min-height:300px;background-color:rgb(245, 245, 245)}Susiję straipsniai ]]></description><price>15.95</price><prime_costs>12</prime_costs><images><image><![CDATA[https://i0.wp.com/www.noopapildai.lt/wp-content/uploads/2019/03/tribulus-terrestris-kaina-pirkti-papildai.jpg?fit=510%2C664&ssl=1]]></image></images><quantity>9</quantity></product>
<product><url><![CDATA[https://www.noopapildai.lt/produktas/ultra-kofermentas-q10/]]></url><id>34951186</id><categories><category><![CDATA[Energijai]]></category></categories><title><![CDATA[Ultra Kofermentas CoQ10 60 tabs.]]></title><description><![CDATA[ Ultra CoQ10 (Kofermentas Q10) 60 tablečiųKofermentas Q10 – Kas Tai ?Kofermentas Q10 yra medžiaga, sintezuota mūsų kūne, kad padėtų paversti maistą į energija. Tai medžiaga kurią galima rasti kiekvienoje žmogaus kūno ląstelėje.Kofermentas Q10  tai antioksidacinis priedas, kuriuo siekiama padidinti energijos lygį ir palaikyti medžiagų apykaitą. Kofermentas Q10 yra vitamino tipo medžiaga, gaminama žmogaus kūne.Vartojimas: gerti 1 – 2 tabletes per dieną. Nuryti su vandeniu arba šaltu gėrimu. Negalima kramtyti. Neviršykite rekomenduojamos dozės.Įspėjimas: maisto papildas neturėtų būti vartojamas kaip maisto pakaitalas. Neviršyti nustatytos rekomenduojamos paros dozės. Laikyti vaikams nepasiekiamoje vietoje. Laikyti gerai uždarytą sausoje patalpoje toliau nuo tiesioginių saulės spindulių, ne aukštesnėje negu 25 C temperatūroje. Prieš pradedant vartoti konsultuotis sveikatos priežiūros specialistu.Gamintojas: Vitabiotics Ltd., 1 Apsley Way, Londonas, Jungtinė KaralystėPlačiau apie kofermentą skaitykite: Kofermentas Q10 – Nauda, Poveikis, Vartojimas#section_1661609563{padding-top:60px;padding-bottom:60px;min-height:300px;background-color:rgb(245, 245, 245)}Susiję straipsniai ]]></description><price>19.95</price><prime_costs>15</prime_costs><images><image><![CDATA[https://i0.wp.com/www.noopapildai.lt/wp-content/uploads/2018/09/Ultra-CoQ-10-Kofermentas-Kaina-pirkti-lietuvoje-noopapildai-papildas.jpg?fit=510%2C765&ssl=1]]></image></images><quantity>14</quantity></product>
<product><url><![CDATA[https://www.noopapildai.lt/produktas/neurodrive/]]></url><id>28998460</id><categories><category><![CDATA[Energijai]]></category></categories><title><![CDATA[NEURODRIVE® 30 kaps.]]></title><description><![CDATA[ Neurodrive® 2.0, maisto papildasNeurodrive® yra vienas iš mūsų populiariausių produktų jau 6 metus. Pastaruosius 18 mėnesių, tyrėme ir rinkome klientų atsiliepimus apie patobulintą formulę, o atlikdami testavimą ir patobulinimus, malonu pranešti apie „Neurodrive® 2.0“ išleidimą!Neurodrive® 2.0 didina nootropinės energijos ribas ir dabar užtikrina nuoseklią visos dienos energiją su žymiai geresniu ingredientu ir tolerancijos profiliu.Kaip veikia „Neurodrive® 2.0“ ?„Neurodrive® 2.0“ turi tikrai veiksmingą ir kruopščiai suplanuotą ingredientų profilį. Mes išbandėme ir pritaikėme formulę, rinkdami duomenis ir atsiliepimus iš klientų per visą kūrimo procesą. Šimtai žmonių išbandė „Mindnutrition“ naują formuluotę, kol mes ją išleidome, kad galėtume būti tikri, kad ji užtikrina kuo nuoseklesnį ir palankiausią poveikį kuo daugiau vartotojų.Pirmas dalykas, kurį galite pastebėti, yra tai, kad, skirtingai nei daugelyje kitų rinkoje parduodamų nootropinių energetinių produktų, mes neužpildėme Neurodrive® 2.0 didelėmis kofeino dozėmis, kad padengtume likusių sudedamųjų dalių suvokiamą poveikį. Kofeinas nuolat vartojamas, nes jis suteikia labai pastebimą stimuliacinį poveikį, ypač didesnėmis dozėmis. Tačiau, kai dozė yra viršijama, atsiranda keletas nemalonių šalutinių poveikių, susijusių su kofeinu.Taigi, siekiant toliau optimizuoti kofeino poveikį, mes įtraukėme novatorišką kofeino alkaloidą, žinomą kaip teacrinas TeaCrine® pavidalu. „TeaCrine®“ sukurta „Compound Solutions, Inc.“ yra tvirtai remiama klinikiniais tyrimais, tai siūlo fantastišką sinergiją su kofeinu.Vartojimas: kaip maisto papildą, gerkite vieną porciją 1-3 kapsules, geriausia vartoti tarp valgio arba valgio metu.Įspėjimas: maisto papildas neturėtų būti vartojamas kaip maisto pakaitalas. Neviršyti nustatytos rekomenduojamos paros dozės. Laikyti vaikams nepasiekiamoje vietoje. Laikyti gerai uždarytą sausoje patalpoje toliau nuo tiesioginių saulės spindulių, ne aukštesnėje negu 25 C temperatūroje. Prieš pradedant vartoti konsultuotis sveikatos priežiūros specialistu.Gamintojas: Pagaminta Europos sąjungoje pagal Mind Nutrition Ltd., Londonas, Jungtinė Karalystė, užsakymą.#section_512031347{padding-top:59px;padding-bottom:59px;min-height:300px;background-color:rgb(240, 240, 240)}Susiję straipsniai ]]></description><price>26.65</price><prime_costs>21</prime_costs><images><image><![CDATA[https://i2.wp.com/www.noopapildai.lt/wp-content/uploads/2017/02/neurodrive-maisto-papildai-energijai-kaina-pirkti.jpg?fit=510%2C765&ssl=1]]></image></images><quantity>27</quantity></product>
<product><url><![CDATA[https://www.noopapildai.lt/produktas/vitaminas-b6-piridoksinas-100-g-raw-powders/]]></url><id>57630456</id><categories><category><![CDATA[Energijai]]></category></categories><title><![CDATA[Vitaminas B6 – Piridoksinas 100 g. – RAW Powders]]></title><description><![CDATA[ Vitaminas B6, milteliai. Piridoksinas yra vitaminas. Jį galima rasti tam tikruose maisto produktuose, pavyzdžiui, grūduose, pupose, daržovėse, kepenyse, mėsoje ir kiaušiniuose. Jis taip pat gali būti gaminamas laboratorijoje.Piridoksinas yra svarbus amino rugščių apykaitai organizme.Padeda mažinti pavargimo jausmą ir nuovargįPadeda palaikyti normalią energijos apykaitąPadeda palaikyti normalią nervų sistemos veikląPadeda palaikyti normalią psichologinę funkcijąVartojimas: Suaugusiems, gerti 50 mg vieną kartą per dieną arba kitaip, kaip nurodė sveikatos priežiūros specialistas.Įspėjimas: Neviršyti 50 mg. 24 valandų periode. Laikyti ne aukštesnėje kaip 25 C temperatūroje, sausoje, vaikams nepasiekiamoje ir nepastebimoje vietoje. Maisto papildas neturėtų būti vartojamas kaip maisto pakaitalas, svarbu subalansuota mityba ir sveikas gyvenimo būdas. Nevartoti nėsčioms ar žindančioms krūtimi moterims.Gamintojas: Pagaminta Europos sąjungoje pagal Raw Powders Ltd. užsakymą.Plačiau apie Vitaminą B6 skaitykite: Vitaminas B6 – Piridoksinas – Nauda, Vartojimas, Poveikis#section_1158469778{padding-top:60px;padding-bottom:60px;min-height:300px;background-color:rgb(245, 245, 245)}Susiję straipsniai ]]></description><price>25.95</price><prime_costs>20</prime_costs><images><image><![CDATA[https://i2.wp.com/www.noopapildai.lt/wp-content/uploads/2019/01/piridoksinas-vitaminas-b6-kaina-pirkti.jpg?fit=510%2C685&ssl=1]]></image></images><quantity>10</quantity></product>
<product><url><![CDATA[https://www.noopapildai.lt/produktas/ultracaffeine/]]></url><id>79567818</id><categories><category><![CDATA[Energijai]]></category></categories><title><![CDATA[UltraCaffeine 90 kaps.]]></title><description><![CDATA[ Kofeinas + L-Teaninas (UltraCaffeine), maisto papildas Kofeinas gali būti veiksmingas didinant energijos lygį, o L-Teaninas – amino rūgštis randama žaliojoje arbatoje, veikia raminančiai, pašalindama kofeino galimai sukelta nervingumą. Gali būti tinkamas žmonėms užsiimantiems intensyvia sportine ar protine veikla.Vartojimas: 1-2 Tabletes suvartoti prieš fizinį ar protinį darbą, užsigeriant dideliu kiekiu vandens.Įspėjimas: Sudėtyje yra kofeino. Nerekomenduojama vartoti maisto papildo, jei esate jaunesni nei 18 metų, esate nėščia ar įtariate, kad galite būti nėščia ir jei žindote kūdikį. Maisto papildas neturi būti vartojamas kaip maisto pakaitalas. Neviršyti nustatytos rekomenduojamos dozės. Laikyti 15-25C temperatūroje, sausoje, vaikams nepasiekiamoje vietoje.Gamintojas: Pagaminta Europos sąjungoje pagal Mind Nutrition Ltd., Londonas, Jungtinė Karalystė, užsakymą.Neviršyti 600mg rekomenduojamos L Teanino porcijos per šešias valandas, kofeinu taip pat neturi būti piknaudžiaujama, optimaliausias kofeino kiekis yra – 200mg-100mg priklausomai nuo žmogaus kūno svorio bei organizmo. Kofeino perdozavimo požymiai; Galvos skausmas, pykinimas, vėmimas. Perdozavus kofeino nedelsiant suvartoti didelį kiekį vandens.#section_754385171{padding-top:60px;padding-bottom:60px;min-height:300px;background-color:rgb(245, 245, 245)}Susiję straipsniai ]]></description><price>19.95</price><prime_costs>15</prime_costs><images><image><![CDATA[https://i0.wp.com/www.noopapildai.lt/wp-content/uploads/2016/10/ultracaffeine-kaina-pirkti-papildas-kofeinas.jpg?fit=510%2C765&ssl=1]]></image></images><quantity>41</quantity></product>
<product><url><![CDATA[https://www.noopapildai.lt/produktas/ultra-magnesium-magnio-tabletes-n60/]]></url><id>82398751</id><categories><category><![CDATA[Vitaminai-Mineralai]]></category></categories><title><![CDATA[Ultra Magnesium – Magnio tabletės N60]]></title><description><![CDATA[ „Ultra Magnesium“ Magnis, tabletėsOptimalus stiprumas magnisMagnis atlieka svarbų vaidmenį organizme, įskaitant padėjimą palaikyti įprastą kaulų ir dantų sveikatą. Dviejų tablečių Ultra Magnis suteikia 100% (375 mg) rekomenduojamos dienos magnio dozės.Ultra Magnis gali būti tinkamas tiems, kurie:Nori sustiprinti kaulusDirba aktyvų protinį darbąDaugiau nei 50 metųEnergijos išleidimas ir nuovargio mažinimasMagnis prisideda prie normalaus energijos išsiskyrimo ir taip pat padeda sumažinti nuovargį.Nervų sistema ir raumenų funkcijaMagnis prisideda prie normalios nervų sistemos funkcionavimo ir vaidina vaidmenį ląstelių dalijimosi procese. Baltymai prisideda prie raumenų masės augimo ir palaikymo, o magnis prisideda prie normalios baltymų sintezės ir normalios raumens funkcijos.Kaulai ir dantysMineralinio magnio buvimas, taip pat prisidedantis prie normalių kaulų ir dantų priežiūros, taip pat prisideda prie normalios baltymų sintezės ir elektrolitų pusiausvyros.Psichologinė funkcijaMagnis prisideda prie normalios psichologinės funkcijos.Vartojimas: gerti dvi tabletes per dieną su pagrindiniu maistu. Nuryti vandeniu arba šaltu gėrimu. Negalima kramtyti. Neviršykite rekomenduojamos dozės. Rekomenduojama reguliariai vartoti.Įspėjimas: Neviršyti nustatytos rekomenduojamos dozės. Maisto papildas nėra maisto pakaitalas. Svarbu subalansuota mityba ir sveikas gyvenimo būdas. Jei esate alergiška (-as), nėščia ar maitinate krūtimi, pries vartojimą pasikonsultuokite su gydytoju. Laikyti ne aukštesnėje kaip 25 oC temperatūroje, sausoje, vaikams nepasiekiamoje ir nepastebimoje vietoje.Gamintojas: VITABIOTICS LTD., 1 Apsley Way, Londonas, Jungtinė Karalystė#section_2028688197{padding-top:60px;padding-bottom:60px;min-height:300px;background-color:rgb(245, 245, 245)}Susiję straipsniai ]]></description><price>9.95</price><prime_costs>7</prime_costs><images><image><![CDATA[https://i2.wp.com/www.noopapildai.lt/wp-content/uploads/2018/11/magnis-tabletes-ultra-magnesium-kaina-pirkti.jpg?fit=510%2C765&ssl=1]]></image></images><quantity>23</quantity></product>
<product><url><![CDATA[https://www.noopapildai.lt/produktas/ultra-calcium-kalcio-tabletes-n30/]]></url><id>17516945</id><categories><category><![CDATA[Vitaminai-Mineralai]]></category></categories><title><![CDATA[Ultra Calcium – Kalcio ir Vitamino D tabletės N30]]></title><description><![CDATA[ „Ultra Calcium“ Kalcio ir Vitamino D, tabletės„Ultra Calcium“ yra gausus kalcio šaltinis, kuris prisideda prie normalios kaulų ir dantų sveikatos, kruopščiai suderintas su vitaminu D, kuris padeda normaliai absorbuoti ir naudoti kalcį.Užtikrinti tinkamą kalcio suvartojimą yra gyvybiškai svarbus visų amžiaus grupių vyrams ir moterims, ir tai ypač svarbu:Augantiems vaikamsVisą nėštumą ir žindymąMenopauzės metu ir po josVyresnio amžiaus vyrams ir moterims; Žinoma, kad didžioji kaulų masė, gauta vaikystės ir paauglių augimo metu, yra labai svarbi kaulų išlaikymui vėliau gyvenime. JK Sveikatos departamentas rekomenduoja, kad 65 metų ir vyresni žmonės turėtų kasdien papildyti 10 mg vitamino D.Kaulų mineralinis tankisKalcis ir vitaminas D padeda išlaikyti įprastus kaulus, dantis ir normalią raumenų funkciją. Jie taip pat padeda mažinti kauluose esančių mineralų praradimą moterims po menopauzės. Mažas kaulų mineralų tankis yra osteoporozinių kaulų lūžių rizikos veiksnys.Ląstelių skyrius ir neurotransmisijaKalcis ir vitaminas D vaidina vaidmenį ląstelių dalijimosi procese. Be to, kalcis prisideda prie normalios nervų sistemos transmisijos.Su D3 – pageidaujama vitamino D forma„Ultra Calcium“ suteikia 20 mg vitamino D, pageidautinoje D3 formoje, natūraliai gaminame mūsų odoje esant saulės spinduliams. Be to, svarbu palaikyti normalų kalcio kiekį kraujyje, vitaminas D taip pat prisideda prie normalios imuninės sistemos funkcijos.Vartojimas: gerti vieną arba dvi tabletes per dieną. Nuryti vandeniu arba šaltu gėrimu. Negalima kramtyti. Neviršykite rekomenduojamos dozės. Rekomenduojama reguliariai vartoti.Įspėjimas: Neviršyti nustatytos rekomenduojamos dozės. Maisto papildas nėra maisto pakaitalas. Svarbu subalansuota mityba ir sveikas gyvenimo būdas. Jei esate alergiška (-as), nėščia ar maitinate krūtimi, pries vartojimą pasikonsultuokite su gydytoju. Laikyti ne aukštesnėje kaip 25 oC temperatūroje, sausoje, vaikams nepasiekiamoje ir nepastebimoje vietoje.Gamintojas: VITABIOTICS LTD., 1 Apsley Way, Londonas, Jungtinė Karalystė#section_1447749708{padding-top:60px;padding-bottom:60px;min-height:300px;background-color:rgb(245, 245, 245)}Susiję straipsniai ]]></description><price>7.95</price><prime_costs>6</prime_costs><images><image><![CDATA[https://i0.wp.com/www.noopapildai.lt/wp-content/uploads/2018/11/kalcis-kaina-pirkti-tabletes-ultra-calcium.jpg?fit=510%2C765&ssl=1]]></image></images><quantity>30</quantity></product>
<product><url><![CDATA[https://www.noopapildai.lt/produktas/ultra-folic-acid-folio-rugstis-vitaminas-b12/]]></url><id>23824086</id><categories><category><![CDATA[Vitaminai-Mineralai]]></category></categories><title><![CDATA[Ultra Folic Acid – Folio Rūgštis su Vitaminu B12 N60]]></title><description><![CDATA[ Ultra Folic Acid – Folio Rūgštis + Vitaminas B12, 60 tablečių, maisto papildas Ultra folio rūgštis iš Vitabiotics yra suformuota 400 µg folio rūgštimi, kruopščiai subalansuota su 5 µg vitaminu B12. Folio rūgštis, taip pat žinoma kaip vitaminas B9, yra svarbi prieš nėštumą ir nėštumo metu, taip pat visų amžiaus grupių vyrams ir moterims.Prieš ir nėštumo metuJK Sveikatos departamentas rekomenduoja, kad vaiką planuojančios moterys pradėtų vartoti 400 µg folio rūgšties, pradedant bandyti pastoti iki 12-osios nėštumo savaitės, kaip nustatyta „Ultra Folic Acid“.Papildomas folio rūgšties vartojimas didina motinos folato būklę. Mažas motinos folato statusas yra besivystančio vaisiaus nervų kanalų defektų rizikos veiksnys.Folio rūgštį taip pat galima vartoti nėštumo metu, nes ji prisideda prie motinos audinių augimo nėštumo metu. Vitaminas B12 atlieka ląstelių dalijimosi procesą ir prisideda prie normalaus raudonųjų kraujo kūnelių formulavimo.Imuninė sistemaFolatas ir vitaminas B12 prisideda prie normalios imuninės sistemos funkcijos.NuovargisVitaminas B12 taip pat prisideda prie normalaus energijos išsiskyrimo ir nuovargio mažinimo.Vartojimas: gerti vieną tabletę per dieną su pagrindiniu maistu. Nuryti vandeniu arba šaltu gėrimu. Negalima kramtyti. Neviršykite rekomenduojamos dozės.Įspėjimas: Neviršyti nustatytos rekomenduojamos dozės. Maisto papildas nėra maisto pakaitalas. Svarbu subalansuota mityba ir sveikas gyvenimo būdas. Jei esate alergiška (-as), nėščia ar maitinate krūtimi, pries vartojimą pasikonsultuokite su gydytoju. Laikyti ne aukštesnėje kaip 25 oC temperatūroje, sausoje, vaikams nepasiekiamoje ir nepastebimoje vietoje.Gamintojas: VITABIOTICS LTD., 1 Apsley Way, Londonas, Jungtinė Karalystė#section_293717836{padding-top:60px;padding-bottom:60px;min-height:300px;background-color:rgb(245, 245, 245)}Susiję straipsniai ]]></description><price>7.95</price><prime_costs>6</prime_costs><images><image><![CDATA[https://i2.wp.com/www.noopapildai.lt/wp-content/uploads/2019/01/ultra-folic-acid-folio-rugstis.jpg?fit=510%2C643&ssl=1]]></image></images><quantity>25</quantity></product>
<product><url><![CDATA[https://www.noopapildai.lt/produktas/dopavite-original/]]></url><id>1250728</id><categories><category><![CDATA[Dėmesio Koncentracijai]]></category></categories><title><![CDATA[Dopavite Original 60 tabs.]]></title><description><![CDATA[ #image_980762156{width:100%}Dopavite Original – Maisto Papildas Smegenų VeiklaiDopavitas yra unikalus maisto papildas, su L-tirozinu, vitaminų ir mineralų pagrindu.Dopavitas buvo sukurtas „Vitalogic“, „Vitabiotics Ltd.“ padalinio, kuris kuria specializuotus produktus su aukščiausio lygio mokslinio vientisumo ir tyrimų rezultatais.Unikalios Dopavito kompozicijos sudėtyje yra tikslių porcijų L-tirozino, folatų, cinko, geležies ir vitaminų B3 ir B6. Tikslus kiekvieno ingrediento kiekis ir formos grindžiamas griežtais tyrimais ir daugiau nei 10 000 mokslinių tyrimų vertinimu.Šis papildas turi visas būtinąsias veikliąsias medžiagas dopamino sintezei.#section_2064113255{padding-top:0px;padding-bottom:0px;background-color:rgb(193, 193, 193)}#section_2064113255 .section-bg-overlay{background-color:rgba(255, 255, 255, 0.85)}Tarptautiniu mastu patentuota formulėJūsų smegenims reikalingas platus pagrindinių maistinių medžiagų spektras, kurie kartu veikdami sinergetiškai siekia užtikrinti optimalią sveikatą ir našumą.Dopavito patentuota formulė turi cinko ir geležies, kurios prisideda prie normalios pažinimo funkcijos. Be to, folio rūgštis ir vitaminas B6 padeda išlaikyti normalią psichologinę funkciją, o folatai, vitaminas B6 ir niacinas prisideda prie normalaus nervų sistemos veikimo.Smegenims reikalinga kokybiška priežiūraSmegenys yra sudėtingiausia mašina visatoje, ir, nepaisant tik 2% mūsų kūno svorio, joje sunaudojama net 30% visos kūno energijos.Dopavitas suteikia geležies, mangano, niacino ir vitamino B6, kurie padeda normaliai išlaisvinti energiją. Cinkas taip pat padeda palaikyti normalų angliavandenių ir makroelementų metabolizmą.Kokybė ir aukščiausios rūšies ingredientai garantuotiDopavitas užtikrina efektyvų mikroelementų kiekį ir gaminamas pagal GMP3 kokybės kontrolės standartus.Dopavite Original rekomenduojamas:Motyvacijai ir nuotaikaiSmegenų veiklaiDėmesio koncentracijaiGali padėti atstatyti dopamino lygį#section_271191678{padding-top:30px;padding-bottom:30px}Vartojimas: Gerti 4 (keturias) tabletes per dieną, geriausia vartoti su pagrindiniu maistu dienoje. Geriausias rezultatas pasiekiamas geriant dvi (2) tabletes du kartus dienoje skirtingu laiku.Įspėjimas: Neviršyti nustatytos rekomenduojamos dozės. Maisto papildas nėra maisto pakaitalas. Svarbu subalansuota mityba ir sveikas gyvenimo būdas. Jei esate alergiška (-as), nėščia ar maitinate krūtimi, pries vartojimą pasikonsultuokite su gydytoju. Laikyti ne aukštesnėje kaip 25 oC temperatūroje, sausoje, vaikams nepasiekiamoje ir nepastebimoje vietoje.Gamintojas: VITABIOTICS LTD., 1 Apsley Way, Londonas, Jungtinė Karalystė#section_1071618728{padding-top:59px;padding-bottom:59px;min-height:300px;background-color:rgb(240, 240, 240)}Susiję straipsniai ]]></description><price>24.25</price><prime_costs>19</prime_costs><images><image><![CDATA[https://i0.wp.com/www.noopapildai.lt/wp-content/uploads/2018/01/dopavite-original-maisto-papildai-smegenu-veiklai-kaina-noopapildai.jpg?fit=510%2C765&ssl=1]]></image></images><quantity>6</quantity></product>
<product><url><![CDATA[https://www.noopapildai.lt/produktas/nalt/]]></url><id>93239428</id><categories><category><![CDATA[Amino Rūgštys]]></category></categories><title><![CDATA[N Acetil L-Tirozinas 60 kaps. 350 mg.]]></title><description><![CDATA[ N-Acetil-L-Tirozinas, Maisto Papildas N-Acetyl L-Tyrosine yra amino rūgštis, naudojama neurotransmiterių gamybai ir skatina pažinimo funkciją. NALT – Labiau biologiškai prieinama L-tirozino forma.N-acetil-L-tirozino vartojimas gali padėti jūsų smegenų veiklai ir kūno našumui, stiprinant nervinį ryšį.NALT yra modifikuotas iš įprasto tirozino, nes jame yra pridėta acto rūgšties. Manoma, kad tai padidina junginio biologinį prieinamumą, todėl jis yra geriau įsisavinamas tiesiai į kraują.Vartojimas: Vartoti kaip maisto papildą, gerti 1 – 2 kapsules per dieną, geriausia su maistu. Geriausia vartoti iš ryto arba prieš protinį ar fizinį darbą, kuris reikalauja dėmesio koncentracijos. Neviršyti keturių ( 4 ) kapsulių 24h periode.Įspėjimas: Nevartoti maisto papildo, jei esate jaunesni nei 18 metų, esate nėščia ar įtariate, kad galite būti nėščia ir jei žindote kūdikį. Maisto papildas neturi būti vartojamas kaip maisto pakaitalas. Neviršyti nustatytos rekomenduojamos dozės. Laikyti 15-25C temperatūroje, sausoje, vaikams nepasiekiamoje vietoje.Gamintojas: Pagaminta Europos sąjungoje pagal Mind Nutrition Ltd., Londonas, Jungtinė Karalystė, užsakymą.#section_1517489091{padding-top:60px;padding-bottom:60px;min-height:300px;background-color:rgb(245, 245, 245)}Susiję straipsniai ]]></description><price>15.95</price><prime_costs>12</prime_costs><images><image><![CDATA[https://i1.wp.com/www.noopapildai.lt/wp-content/uploads/2017/11/n-acetil-l-tirozinas-kaina-pirkti-noopapildai.jpg?fit=510%2C765&ssl=1]]></image></images><quantity>41</quantity></product>
<product><url><![CDATA[https://www.noopapildai.lt/produktas/l-teaninas/]]></url><id>84163000</id><categories><category><![CDATA[Miego Kokybei]]></category></categories><title><![CDATA[L-Teaninas 60 kaps. 200 mg.]]></title><description><![CDATA[ L-Teaninas kapsulėmis, Maisto PapildasKas Yra L-Teaninas ?L Teaninas – unikali nebaltyminė, kaip įprasta, amino rūgštis, randama tik arbatžolėse ir vienos rūšies grybuose. L-Teaninas pasižymi atpalaiduojančiu, raminančiu poveikiu, tačiau neslopina. Nervų sistemai, miego kokybei. Vartojimas: Gerti 1 kaps (200 mg) 1-3 kartus per dieną. Didelių nervinių įtampų metu galima L teanino dozę didinti, bet neviršyti 600 mg per šešias valandas.Įspėjimai: Nepatartina vartoti maisto papildo, jei esate nėščia ar įtariate, kad galite būti nėščia ir jei žindote kūdikį. Maisto papildas neturi būti vartojamas kaip maisto pakaitalas. Neviršyti nustatytos rekomenduojamos dozės. Laikyti 15-25C temperatūroje, sausoje, vaikams nepasiekiamoje vietoje.Gamintojas: Pagaminta Europos sąjungoje pagal Mind Nutrition Ltd., Londonas, Jungtinė Karalystė, užsakymą.#section_3987559{padding-top:60px;padding-bottom:60px;min-height:300px;background-color:rgb(245, 245, 245)}Susiję straipsniai ]]></description><price>15.95</price><prime_costs>12</prime_costs><images><image><![CDATA[https://i2.wp.com/www.noopapildai.lt/wp-content/uploads/2016/08/l-teaninas-kaina-pirkti-maisto-papildas-noopapildai.jpg?fit=510%2C765&ssl=1]]></image></images><quantity>3</quantity></product>
<product><url><![CDATA[https://www.noopapildai.lt/produktas/5-htp/]]></url><id>65872334</id><categories><category><![CDATA[Miego Kokybei]]></category></categories><title><![CDATA[5 HTP – Papildas Nuotaikai Ir Miegui 100 tabs. 200 mg.]]></title><description><![CDATA[ 5 HTP – Maisto Papildas Nuotaikai Ir Miegui5 HTP – Kas Tai ?Griffonia sėklų ekstraktas arba 5-HTP yra pilkšvai balti kristaliniai milteliai, kurie yra ekstrahuojami iš Griffonia simplicifolia augalų sėklų. 5-HTP yra junginys kuris gaminamas iš amino rūgšties L-Triptofano. Tai yra serotonino pirmtakas, kuris įtraukia daugelį svarbių kūno funkcijų, įskaitant nuotaikos reguliavimą ir miegą.5 – HTP VartojimasVartojimas: 5 HTP rekomenduojama gerti po 50 mg tris kartus per parą. Jei vargina nemiga, tuomet patariama gerti vienkartinę 100 mg dozę prieš miegą. Jei depresijos gydymui vartojami serotonino kiekį didinantys vaistai (pvz. antidepresantai – serotonino reabsorbcijos inhibitoriai), dėl maisto papildų su 5 HTP vartojimo rekomenduojama pasitarti su gydančiu gydytoju.Įspėjimas: Nerekomenduojama vartoti asmenims iki 18-os metų. Per didelė dozė gali sukelti šalutinį poveikį. Papildas neskirtas vartoti vaikams, neščiosioms ir maitinančioms moterims. Nevartoti daugiau nei rekomenduojama porcija. Papildas neturi būti vartojamas kaip maisto pakaitalas. Laikyti sausoje, vėsioje vietoje, saugoti nuo saulės spindulių, vaikams nepasiekiamoje vietoje. Prieš vartojant papildą rekomenduojame pasikonsultuoti su sveikatos priežiūros specialistu. Nevartoti, jeigu yra pažeista pakuotė.Gamintojas: Pagaminta Europos sąjungoje pagal Raw Powders Ltd. užsakymą.Plačiau apie 5-HTP skaitykite: 5-HTP Vartojimas, poveikis#section_828204269{padding-top:60px;padding-bottom:60px;min-height:300px;background-color:rgb(245, 245, 245)}Susiję straipsniai ]]></description><price>16.95</price><prime_costs>13</prime_costs><images><image><![CDATA[https://i0.wp.com/www.noopapildai.lt/wp-content/uploads/2018/03/5-htp-maisto-papildas-kaina-pirkti-raw-powders-lietuvoje-papildai.png?fit=420%2C420&ssl=1]]></image></images><quantity>16</quantity></product>
<product><url><![CDATA[https://www.noopapildai.lt/produktas/ultra-red-krill-oil-kriliu-aliejus/]]></url><id>16732287</id><categories><category><![CDATA[Atminčiai Ir Smegenų Veiklai]]></category></categories><title><![CDATA[Ultra Red Krill Oil – Krilių Aliejus 30 kaps.]]></title><description><![CDATA[ Ultra red krill oil – krilių aliejus, 30 kaps.Aukščiausios kokybės krilių aliejus su omega-3 riebiosiomis rūgštimis„Ultra Red Krill Oil“ siūlo puikų Omega-3 šaltinį su daugeliu svarbių papildomų privalumų, skirtų aukščiausio lygio kokybei, grynumui ir efektyvumui užtikrinti.„Ultra Red Krill Oil“ suteikia 500 mg gryno krilių aliejaus, kuris yra ypatingas Omega-3 šaltinis, kuriame yra didelė jūrų fosfolipidų koncentracija, todėl organizme gali būti geriau išnaudojamas nei standartiniuose žuvų taukuose esantis omega-3. „Ultra Red Krill Oil“ suteikia pagrindines riebalų rūgštis, kad normaliai funkcionuotų širdis, smegenys ir regėjimas, lengviau nuryti mažesnę kapsulę be nemalonių žuvų kvapo, skonio ar poskonio.Kaip ir Omega-9 riebiosios rūgštys, Ultra Red Krill suteikia Omega-3, turtingą pagrindinių riebiųjų rūgščių DHA (Docosahexaenoic Acid) ir EPA (Eikozapentaeno rūgšties) šaltinį.EPA ir DHA yra priskiriamos kaip svarbios riebiosios rūgštys, nes jų organizmas negali veiksmingai gaminti ir turi būti gaunamos per maistą.– DHA prisideda prie normalaus regėjimo ir smegenų funkcijos palaikymo– DHA ir EPA prisideda prie normalios širdies funkcijos palaikymoSvarbu: „Ultra Red Krill“ sudėtyje yra tik gryno krilio aliejaus, o ne krilių aliejus, sumaišyto su įprastais žuvų taukais, kuris randamas kai kuriuose produktuose.Kokia yra Krilių aliejaus nauda, palyginti su įprastais žuvies taukais?„Ultra Red Krill Oil“ yra mažesnė, minkšto gelio kapsulė nei dauguma tradicinių „Omega-3“ priedų ir neturi žuvies kvapo ar skonio. Skirtingai nuo riebalų rūgščių, kurias teikia kiti Omega-3 šaltiniai, Ultra Red Krill Oil neleidžia virškinti ir išsisklaido vandenyje. Tai reiškia, kad „Ultra Red Krill Oil“ gali išsisklaidyti plonojoje žarnoje, o ne skrandyje, todėl nėra nemalonių žuvytės, skutimosi, kvapo ar refliukso.Krilių aliejus Omega-3 turi natūraliai mažą toksiškumo ir teršalų lygį, palyginti su kitais Omega-3 šaltiniais.#section_941061491{padding-top:30px;padding-bottom:30px}✓ Aukštos koncentracijos fosfolipidai, skirti geresniam Omega-3 absorbavimui ✓ Aukštos kokybės EPA ir DHA šaltinis ✓ 100% natūralus Antarkties krilių aliejus ✓ Nėra žuvies kvapo ir skonio ✓ Maža kapsulė #image_715583554{width:72%}Su natūraliai esančiais jūros fosfolipidaisOmega-3 ultra raudonajame krilių aliejus yra tokios pačios naudos kaip ir žuvų taukai Omega-3, kurie palaiko įprastą širdies ir smegenų funkciją, bet yra geresni dėl fosfolipidų buvimo.Tyrimai rodo, kad su fosfolipidu susietomis omega-3 riebalų rūgštimis gali būti didesnis biologinis prieinamumas ląstelių augimui ir funkcionavimui, palyginti su Omega-3 trigliceridais3. „Ultra Red Krill Oil“ naudoja Omega-3 fosfolipidinę formą, o ne Omega-3 trigliceridų formą žuvų ir menkių kepenų aliejuose.Fosfolipidai yra pagrindiniai mūsų ląstelių membranų struktūriniai komponentai, kurie yra susiję su molekulių pernešimu per ląstelės membraną. „Ultra Red Krill Oil“ suteikia Omega-3 fosfolipidine forma, daugiausia kaip fosfatidilcholinas, o tai reiškia, kad ji yra lengviau transportuojama per ląstelių membranas, kur ji naudojama.Omega-3 fosfolipidai seka paprastesnius virškinimo ir paskirstymo būdus žmogaus organizme. Paprastesnis virškinimas plonojoje žarnoje prieš absorbciją yra viena iš galimų priežasčių, dėl kurios Omega-3 fosfolipidai gali būti labiau įsisavinti žmogaus organizme palyginus su standartiniais trigliceridais Omega-3.Vartojimas: Gerti po 1-2  kapsules per dieną valgio metu arba iš karto po jo, užgeriant stikline vandens.Įspėjimai: maisto papildas neturėtų būti vartojamas kaip maisto pakaitalas. Neviršyti nustatytos rekomenduojamos paros dozės. Laikyti vaikams nepasiekiamoje vietoje. Laikyti gerai uždarytą sausoje patalpoje toliau nuo tiesioginių saulės spindulių, ne aukštesnėje negu 25 C temperatūroje. Prieš pradedant vartoti rekomenduojama pasitarti su sveikatos priežiūros specialistu.Gamintojas: VITABIOTICS LTD., 1 Apsley Way, Londonas, Jungtinė Karalystė#section_236437498{padding-top:60px;padding-bottom:60px;min-height:300px;background-color:rgb(245, 245, 245)}Susiję straipsniai ]]></description><price>20.45</price><prime_costs>16</prime_costs><images><image><![CDATA[https://i1.wp.com/www.noopapildai.lt/wp-content/uploads/2017/11/kriliu-aliejus-kaina-red-krill-oil.jpg?fit=510%2C765&ssl=1]]></image></images><quantity>20</quantity></product>
<product><url><![CDATA[https://www.noopapildai.lt/produktas/gaba/]]></url><id>63744574</id><categories><category><![CDATA[Miego Kokybei]]></category></categories><title><![CDATA[GABA 125 g. Raw Powders]]></title><description><![CDATA[ GABA – Gama-Amino Sviesto Rūgštis – Raw PowdersGABA (gama-amino sviesto rūgštis) yra ne-baltymo amino rūgštis. GABA veikia kaip neurotransmiteris žmogaus smegenyse. GASR yra žinomas kaip pačių smegenų raminamasis agentas, natūraliai gaminamas organizme. GABA gali padėti centrinei nervų sistemai atsipalaiduoti ir palengvinti nervinę įtampą. Šio maisto papildo forma L- yra natūrali, tokia pati randama maisto produktuose, taip pat organizme.Vartojimas: gerkite 1/2 šaukšto (1000 mg) 1-3 kartus per parąĮspėjimas: Nerekomenduojama vartoti asmenims iki 18-os metų. Maisto papildas neturi būti vartojamas kaip maisto pakaitalas. Laikyti sausoje, vėsioje vietoje, saugoti nuo saulės spindulių, vaikams nepasiekiamoje vietoje. Prieš vartojant papildą rekomenduojame pasikonsultuoti su sveikatos priežiūros specialistu.Gamintojas: Pagaminta Europos sąjungoje pagal Raw Powders Ltd. užsakymą.Plačiau apie GABA skaitykite: GABA – Poveikis, Vartojimas, Nauda#section_121027278{padding-top:60px;padding-bottom:60px;min-height:300px;background-color:rgb(245, 245, 245)}Susiję straipsniai ]]></description><price>14.95</price><prime_costs>11</prime_costs><images><image><![CDATA[https://i2.wp.com/www.noopapildai.lt/wp-content/uploads/2017/05/RawPowders-GABA-kaina-pirkti.png?fit=420%2C420&ssl=1]]></image></images><quantity>11</quantity></product>
<product><url><![CDATA[https://www.noopapildai.lt/produktas/l-triptofanas-raw-powders-100/]]></url><id>68838999</id><categories><category><![CDATA[Miego Kokybei]]></category></categories><title><![CDATA[L-Triptofanas RAW Powders – 100 g.]]></title><description><![CDATA[ L-Triptofanas, milteliais. L-Triptofanas veikia serotonino lygį, taip pat metabolizmą. Tačiau kai kurie žmonės geriau reaguoja į papildus su L-Triptofanu nei su 5-HTP. Galiausiai, Triptofanas yra amino rūgštis, kuri yra labai svarbi sveiko kūno funkcijoms ir ypač dėl niacino gamybos.Vartojimas:  ½ šaukštelio (500 mg) 1-2 kartus per dieną. Didelių nervinių įtampų metu, rekomeduojama gerti 1 šaukštelį (1,000 mg) prieš miegą.Įspėjimas: Per didelė dozė gali sukelti šalutinį poveikį. Papildas neskirtas vartoti vaikams, neščiosioms ir maitinančioms moterims. Nevartoti daugiau nei rekomenduojama porcija. Papildas neturi būti vartojamas kaip maisto pakaitalas. Laikyti sausoje, vėsioje vietoje, saugoti nuo saulės spindulių, vaikams nepasiekiamoje vietoje. Prieš vartojant papildą rekomenduojame pasikonsultuoti su sveikatos priežiūros specialistu.Gamintojas: Pagaminta Europos sąjungoje pagal Raw Powders Ltd. užsakymą.Plačiau apie L-Triptofaną skaitykite: L-Triptofanas – Kas tai ir kaip veikia ?#section_357252973{padding-top:60px;padding-bottom:60px;min-height:300px;background-color:rgb(245, 245, 245)}Susiję straipsniai ]]></description><price>22.25</price><prime_costs>17</prime_costs><images><image><![CDATA[https://i1.wp.com/www.noopapildai.lt/wp-content/uploads/2017/03/l-triptofanas-raw-powders-milteliai-100g.png?fit=510%2C510&ssl=1]]></image></images><quantity>6</quantity></product>
</products></root>